sub,ses,acq,run,mean_fd,rmsd,coreg_dice,coreg_correlation,coreg_overlap,qei_cbf,qei_cbf_score,qei_cbf_scrub,qei_cbf_basil,qei_cbf_basil_gm,mean_gm_cbf,mean_wm_cbf,ratio_gm_wm_cbf,percentage_negative_cbf,percentage_negative_cbf_score,percentage_negative_cbf_scrub,percentage_negative_cbf_basil,percentage_negative_cbf_basil_gm,norm_dice,norm_correlation,norm_overlap
19861.0,1.0,n/a,1.0,0.1103877673749999,0.0553438531645569,0.8054884414615958,0.7641080331074139,0.9840749243832222,0.8378021235399254,0.8366480089050918,0.8648643029284195,0.8224515743256832,0.7079325929113058,55.42641998973782,42.95124458088341,1.2904496838353974,0.009291953168556,0.018583906337112,0.0,0.0,0.0,0.80024097524925,0.752400372191867,0.968766960651289
19861.0,2.0,n/a,1.0,0.27608069375,0.1491374632911392,0.7836280307957588,0.7399492933018399,0.9762936720310555,0.8662958104236045,0.8660209879775824,0.8798189902771876,0.8357777701807103,0.7042152442378996,50.38546601536162,45.75580559687978,1.101181923432194,0.0,0.0,0.0,0.0,0.0,0.77509886553422,0.7192859633064398,0.9494911804613296
20139.0,2.0,n/a,1.0,0.424921136,0.218589293670886,0.7402786501456061,0.6828897777667865,0.951977089987884,0.7945191895650136,0.8051084570460949,0.8651082702361444,0.8235596000605808,0.713334938566001,57.25121271123329,49.84198022971989,1.1486544564915864,0.0289296046287367,0.0289296046287367,0.0,0.0,0.0,0.7430139712172421,0.6786451106417085,0.9372879918588872
20139.0,3.0,VARIANTEffectiveEchoSpacingRepetitionTimeTotalReadoutTime,1.0,0.59679350125,0.3260820164556962,0.7563115648495539,0.7036856126031175,0.9506613557793476,0.8437930142971125,0.8380018628328023,0.8628197434732108,0.8306629252118134,0.7227424259495661,56.901868832623386,46.8182376117048,1.2153782742645918,0.1260239445494644,0.1470279353077084,0.0,0.0,0.0,0.7491134177897291,0.681845703350363,0.9077679782903664
20141.0,1.0,n/a,1.0,0.4159493435,0.2332270075949367,0.8427766402725181,0.8174406693631147,0.9952923050586322,0.8721220413017828,0.8722201400857944,0.8912812221135339,0.8534954044962944,0.7553188966974742,76.4845689552715,54.919345379112535,1.3926708052926076,0.0,0.0,0.0,0.0,0.0,0.8377821041806619,0.799791591750249,0.9862109905020352
20149.0,1.0,n/a,1.0,0.2031028152,0.1155472620253165,0.6223819028609447,0.5434540641114946,0.9118770958434064,0.6516608556303838,0.6554918834056055,0.6987044030429312,0.6453039885290722,0.5438349524764021,56.146279242167566,47.92787086684544,1.1714745142373368,0.5901389682086428,0.5711022272986864,0.266514372739387,0.0,0.0,0.6578436529405871,0.5662161711625223,0.8909006105834464
20149.0,2.0,VARIANTEffectiveEchoSpacingRepetitionTimeTotalReadoutTime,1.0,0.1684436551749999,0.0973788012658227,0.805829997804462,0.7638918094129289,0.9415874018234204,0.8221492907013632,0.8228474579186542,0.8546967915719157,0.8169421530871439,0.764361133845481,22.162184071748552,14.630894214364826,1.514752533033107,0.0704579768495218,0.0905888273779567,0.0301962757926522,0.0,0.0,0.8058591741697431,0.7531441341802881,0.920496947082768
20149.0,3.0,VARIANTEffectiveEchoSpacingRepetitionTimeTotalReadoutTime,1.0,0.319047026625,0.1669078658227848,0.768350687749068,0.7253039674455951,0.9628674989931536,0.7314718507227346,0.7322840105817632,0.7725404688025368,0.7054330380009647,0.5640233555933923,59.30880917801292,41.63764923099767,1.424403401089698,0.1341981659583985,0.1341981659583985,0.1118318049653321,0.0,0.0,0.7745380724151377,0.7170794370516133,0.9391027815468114
20188.0,1.0,VARIANTEffectiveEchoSpacingRepetitionTimeTotalReadoutTime,1.0,0.5286134357875,0.3145500481012658,0.8488795743994841,0.8189961437318413,0.9978775015160704,0.8194976820482245,0.8224858812864589,0.8488674711736522,0.7973005940174782,0.7054304869557356,57.85897820952397,42.5621733114898,1.3593990557316007,0.0,0.0,0.0,0.0,0.0,0.8475435430564285,0.8099394240450867,0.9748134328358208
20188.0,2.0,n/a,1.0,0.1812184114749999,0.1034301316455696,0.8309484297210132,0.7929021755968921,0.9739430416911332,0.8170884549250783,0.8173312174143225,0.8645226239459358,0.8237528776105837,0.7201387564331911,55.03077063674948,38.45290229680519,1.4311213809554668,0.0693120776295269,0.060648067925836,0.0173280194073817,0.0,0.0,0.8262768367281431,0.7818342674356648,0.9550585142469472
20188.0,3.0,n/a,1.0,0.44499055725,0.2399736329113923,0.805275154672745,0.757330920566401,0.9224514155693984,0.7843909743710329,0.7858455323044004,0.8181752219767198,0.7694627969863801,0.6617986896211326,51.897705070322125,37.99655833251231,1.3658527863539445,0.0838847982104576,0.0932053313449529,0.0279615994034858,0.0,0.0,0.7901307121394515,0.7306192500301754,0.8836287313432836
20212.0,1.0,VARIANTEffectiveEchoSpacingRepetitionTimeTotalReadoutTime,1.0,0.4482024263125,0.2522187569620254,0.8521557782109987,0.80975275001059,0.9443011689051144,0.78196159863215,0.783876189950699,0.81090181110973,0.755031147997738,0.6202431019223442,88.81916588968484,61.00374523509105,1.455962507669014,0.0230627306273062,0.0230627306273062,0.0076875768757687,0.0,0.0,0.8531867148943516,0.8121550771348679,0.9221463704206242
20214.0,1.0,n/a,1.0,2.1608602527500005,1.2732323974683544,0.8485308123743341,0.8218118280443267,0.9921224119442382,0.2274202873085505,0.2226299302378761,0.3852286813036759,0.6261277785983363,0.5367140363391923,34.12454667957641,27.438840397727628,1.24365848501391,17.211092470147044,17.220961215829465,12.434619559853942,0.0,0.0,0.859526194088104,0.8262439829413333,0.9898108887381276
20214.0,2.0,VARIANTEffectiveEchoSpacingRepetitionTimeTotalReadoutTime,1.0,0.3446005299999999,0.1924825265822785,0.8312273554806496,0.800906929154599,0.9737319988175176,0.0566377039759758,0.0555726646590823,0.0937803018355172,0.4493113925495438,0.3753545758907592,12.484122116187564,19.6056926573168,0.6367600642524873,21.965257429886982,22.09083298451235,19.589786521557137,0.0,0.0,0.8426884111505576,0.8034590888426274,0.9697294776119404
20214.0,3.0,n/a,1.0,0.27360836125,0.138671293670886,0.8327055340042353,0.7985860818311846,0.9382971534758004,0.7779686688514823,0.7773492982632598,0.8075153039096539,0.752705902774002,0.6436763455533174,53.20187070705427,46.7688901584338,1.1375482832033896,0.1158260503316837,0.1263556912709276,0.0315889228177319,0.0,0.0,0.8322834209374886,0.7861274258224902,0.923503222523745
20236.0,1.0,n/a,1.0,0.7373384970750001,0.3939232151898734,0.862253156361282,0.8294044941064828,0.9713004157246008,0.4783746877925914,0.4784775807175226,0.5629064482910322,0.4719006591175018,0.4948479070631156,62.29574146099534,50.88828323525205,1.2241666941878864,0.336322869955157,0.2802690582959641,0.1121076233183856,0.0,0.0,0.8572489573613148,0.8195163106958178,0.9543546472184532
20238.0,1.0,VARIANTEffectiveEchoSpacingRepetitionTimeTotalReadoutTime,1.0,0.422138425,0.2223491746835443,0.8477619740919102,0.8199458812919991,0.9715495850089844,0.5169887557890579,0.5173255950576742,0.569070867424632,0.7641588816698034,0.7196074268888676,32.02277184378261,31.682517662737386,1.0107394931383689,7.255069980005713,7.245548890793106,6.455298486146815,0.0,0.0,0.8415883276594869,0.8002644125639914,0.9533582089552238
20238.0,2.0,n/a,1.0,0.45917126625,0.2784418481012658,0.8778720123361604,0.8562912055972746,0.986783377388742,0.8345288025363475,0.8434275408056015,0.8722435410778896,0.8209590376559973,0.7248942783336344,75.68781627819816,52.10222322536208,1.452679206236927,0.0,0.0,0.0,0.0,0.0,0.8853623783974776,0.8560383655435642,0.9774762550881954
20252.0,1.0,n/a,1.0,0.8852053997499999,0.531782993670886,0.8737278313195624,0.8459722350519807,0.9982223189667684,0.8496231243418152,0.841559538301378,0.8934825107987487,0.8524852388244306,0.7682607024020636,67.70768799614693,50.284310949935424,1.3464972814991687,0.2241733607322996,0.2708761442181954,0.0,0.0,0.0,0.874444744582508,0.843956545748094,0.9882886702849388
20252.0,2.0,VARIANTEffectiveEchoSpacingRepetitionTimeTotalReadoutTime,1.0,1.2318721117499998,0.6673549215189872,0.8350024216101364,0.7996732543246071,0.9859794118732244,0.8499431526824163,0.8497034466622437,0.883836379991791,0.8443890328238294,0.7658457285892035,49.33190228216719,36.95060024500412,1.3350771558531602,0.145288501452885,0.16604400166044,0.0311332503113325,0.0,0.0,0.8306983392647493,0.7876101807289918,0.958552408412483
20253.0,1.0,VARIANTEffectiveEchoSpacingRepetitionTimeTotalReadoutTime,1.0,1.27201728475,0.7514232025316457,0.8452520715294438,0.8123597890863675,0.9684953405856436,0.7883524320995764,0.7882513379822896,0.838797252728443,0.7775354795376627,0.6449139910007947,72.82442167519578,53.754172181045575,1.3547678016493503,0.1061059129931513,0.1061059129931513,0.0,0.0,0.0,0.851900738686256,0.8149563150299227,0.9728714382632292
20253.0,2.0,n/a,1.0,0.8483530267999999,0.4794083417721518,0.7876890631693413,0.7461255603917726,0.9577306783124324,0.8077109244857853,0.8060657539049682,0.8266059444054124,0.772292533999302,0.6343681566081341,68.28361208760109,65.05835712651833,1.0495747987427757,0.0,0.0,0.0,0.0,0.0,0.7936088166067984,0.7407050088044232,0.942876526458616
20253.0,3.0,n/a,1.0,0.29277606819025,0.1495101164556962,0.8359137554975506,0.7983788454048119,0.9285458950629544,0.7578032297777233,0.7567487486277247,0.7853431722145483,0.7247145359569218,0.5727834149288257,65.92934618588966,50.29363448366741,1.3108884824639162,0.0313971742543171,0.0313971742543171,0.010465724751439,0.0,0.0,0.8485591303144796,0.8064134714828255,0.9232488127544096
20258.0,1.0,VARIANTEffectiveEchoSpacingRepetitionTimeTotalReadoutTime,1.0,0.2221702422149999,0.1257706025316455,0.7738016682740301,0.741608888690295,0.991673533110716,0.7643882814407904,0.7646449179063756,0.7856454297439015,0.728397776143407,0.5884257333358424,46.9244038789381,34.03335196394318,1.378777028153219,0.0227946204695691,0.0227946204695691,0.0,0.0,0.0,0.7750259548427938,0.723138701470711,0.9733420963364994
20258.0,2.0,VARIANTEffectiveEchoSpacingRepetitionTimeTotalReadoutTime,1.0,0.281836681125,0.1428999911392405,0.6862843805775479,0.6404665250194361,0.967775244159532,0.8589613048549352,0.8589889928542158,0.8711524597859485,0.8258884473028689,0.7205143596678169,54.11383470322299,48.26195924464877,1.121252339319877,0.0,0.0,0.0,0.0,0.0,0.6931594578408966,0.6231822944215741,0.9619233378561736
20259.0,1.0,n/a,1.0,7.268105372374999,3.8374453417721512,0.8812639298296068,0.8561669734626551,0.97614876164689,4.420132990570274e-05,0.0001642730367228,0.0014422856887157,0.3426352477401574,0.2696047653128051,2.323346072407892,19.167914064242115,0.1212101673985544,42.7791771620487,41.99202350965575,41.467254408060455,0.0,0.0,0.8767531329605438,0.8440470483910881,0.9609989823609226
20259.0,2.0,VARIANTEffectiveEchoSpacingRepetitionTimeTotalReadoutTime,1.0,0.31527670075,0.1658853683544303,0.6707331552389433,0.6089624673668179,0.9246286672940792,0.8105599487760677,0.8104899372711528,0.8290901127202933,0.7746374362749313,0.687007127044111,57.58204941907485,40.57840376449352,1.4190319006451326,0.0270660411403825,0.0270660411403825,0.0,0.0,0.0,0.7010180961501884,0.6201301187758341,0.8907691655359565
20302.0,1.0,VARIANTEffectiveEchoSpacingRepetitionTimeTotalReadoutTime,1.0,0.1911014014375,0.0996091075949367,0.874848271896761,0.8427683522793958,0.9679448665842022,0.7990818893212472,0.7987480154584692,0.8256376902606232,0.7654176725161584,0.6846778208914335,59.63999465106068,49.29914298309291,1.20975722988763,0.0,0.0,0.0,0.0,0.0,0.8778112907449254,0.8452277400500918,0.9594640434192672
20302.0,2.0,n/a,1.0,0.1572153300749999,0.0838492240506329,0.834440878200202,0.7921560124925974,0.9624582869855396,0.8174876295289152,0.8173858598734383,0.8420070492386583,0.7976366532572686,0.6987613117530221,51.41177894395961,39.54483908376312,1.300088207087154,0.0156727529190502,0.0156727529190502,0.0,0.0,0.0,0.8263861101443665,0.7804452150004108,0.9413755088195388
20303.0,2.0,n/a,1.0,0.2336334810874999,0.1197346886075949,0.752251638587409,0.7051607103696493,0.9678650722548982,0.8412835728791057,0.8426638476151389,0.86198014388661,0.8065386218479373,0.6800192985338374,53.75261681105084,50.74379220120489,1.0592944373947382,0.0,0.0,0.0,0.0,0.0,0.7477193920138304,0.6883823824077456,0.9609608208955224
20303.0,3.0,n/a,1.0,0.1627238332499999,0.0812689063291139,0.7586331823795801,0.7107153616264253,0.9360370611183356,0.8110343169982719,0.811645591283657,0.8316623932519945,0.7815517085846493,0.6614108468416946,54.6130830552186,43.90641658303762,1.243851976667968,0.0313741895001045,0.0313741895001045,0.0,0.0,0.0,0.7554761796264035,0.6904357469411129,0.9138526119402984
20305.0,1.0,VARIANTEffectiveEchoSpacingRepetitionTimeTotalReadoutTime,1.0,0.5340542564999999,0.2815626860759493,0.8405330882352942,0.8088556031040679,0.9879239168177784,0.4677860333442202,0.4667602096314612,0.5436562564596147,0.7223043650207607,0.6053157307019671,30.538064870716703,29.960751086354687,1.0192690023924318,9.029791721592408,8.990245188505142,7.223833377273927,0.0,0.0,0.8368328530781638,0.7976296106225247,0.9789603120759836
20305.0,2.0,n/a,1.0,0.4162315755,0.2431441658227848,0.8404687395965111,0.807635601208804,0.977958551229905,0.7923897756166948,0.79503612784741,0.8333206371848517,0.780216569758949,0.6536525702036294,60.46697822240502,42.42596595910569,1.4252351562410863,0.0852878464818763,0.0852878464818763,0.0142146410803127,0.0,0.0,0.8344445591727759,0.7922558611395578,0.9594555630936228
20310.0,1.0,n/a,1.0,1.144137784125,0.5815491139240507,0.8461856875015218,0.8264291327664588,0.9613278008298756,0.0026869037411264,0.0013339046625196,0.0047965325000564,0.3819441412969561,0.3538196734119023,4.19596966307124,11.757653057344678,0.3568713622188516,28.446073531045208,29.80117738531601,28.63489947795179,0.0,0.0,0.8522987026748815,0.8135057054725677,0.9549185888738128
20310.0,2.0,n/a,1.0,0.46500862725,0.2410448240506328,0.832451001152914,0.8107849176158823,0.9592235115497234,0.811618540640911,0.8115806640376874,0.8348378985501645,0.7641653666312317,0.6818387405128777,79.21621084632824,69.1044975042576,1.146324967364789,0.0710143212214463,0.0710143212214463,0.0236714404071487,0.0,0.0,0.8262181564649628,0.7820226789340693,0.957208276797829
20328.0,1.0,n/a,1.0,1.253662328675,0.6945169063291138,0.8623460812323526,0.8317004089356562,0.9755055755055756,0.8195834668796816,0.8207904524827592,0.8650585302146144,0.8237236834713303,0.7915048900108167,42.293033262992935,35.570540464535576,1.1889904598205303,0.2552367540925893,0.2992430910051047,0.0528076042950184,0.0,0.0,0.8657629269163633,0.8310662802693226,0.9663458276797828
20328.0,2.0,VARIANTEffectiveEchoSpacingRepetitionTimeTotalReadoutTime,1.0,0.8183720684000001,0.4581621265822784,0.7866524671636492,0.7372444121120141,0.9102218049524704,0.7133761343726169,0.7134706283886219,0.8010668440201008,0.755297020264643,0.6680063172256098,49.51572379758562,36.77721765925375,1.3463694903827683,1.0580954282291877,1.0580954282291877,0.1696945498103413,0.0,0.0,0.7801160870180737,0.7175143201584445,0.8761999660786974
20333.0,1.0,VARIANTEffectiveEchoSpacingRepetitionTimeTotalReadoutTime,1.0,0.37061238145,0.1960653544303797,0.8051030275980064,0.7681879303381096,0.9376651505306476,0.7255227860578262,0.7242665388464388,0.7845545886164191,0.7236077862773641,0.6254464575607354,62.63493962033493,49.273780768730845,1.271161632883732,0.297741273100616,0.297741273100616,0.0,0.0,0.0,0.8084672421175993,0.7556739733493048,0.9126314450474898
20336.0,1.0,VARIANTEffectiveEchoSpacingRepetitionTimeTotalReadoutTime,1.0,0.6449758297124999,0.3577077227848101,0.7952626596340733,0.7549851960968742,0.9086935405536668,0.7898745072560446,0.7881882883514886,0.810698915924928,0.7653806930501748,0.6785743679983172,66.14971803187794,44.43063187085358,1.488831359053258,0.0,0.0,0.0,0.0,0.0,0.79474102768989,0.7366868145405552,0.8877332089552239
20347.0,1.0,VARIANTEffectiveEchoSpacingRepetitionTimeTotalReadoutTime,1.0,0.3218976111,0.1828086835443037,0.5886510616379557,0.5433459698466858,0.9675462113729364,0.8345074389796227,0.8342908909340631,0.8580335339256404,0.8095432676740548,0.6760103794244421,60.79783365738979,47.370664351854224,1.2834490393844349,0.0282326369282891,0.0282326369282891,0.0,0.0,0.0,0.6713911803883994,0.5997915088629092,0.9745420624151968
20350.0,1.0,n/a,1.0,0.4633272835000001,0.2453989025316455,0.5719501781455198,0.4748797516459894,0.8070131704682372,0.3744240089428251,0.3764587151389266,0.4301009660576356,0.3728721173872584,0.3288250024237935,28.03388667834576,35.00338926746102,0.8008906355935631,1.2740711923750243,1.2740711923750243,0.4862867146469558,0.0,0.0,0.5897458469447694,0.4639777454191488,0.7811694369063772
20352.0,1.0,VARIANTEffectiveEchoSpacingRepetitionTimeTotalReadoutTime,1.0,0.6465691363749999,0.3464631392405063,0.8320532771112561,0.8031452131207792,0.9998793533338696,0.8663176642523293,0.865282664432152,0.8965517102329744,0.8579165580835798,0.7741160331437461,82.20295407949092,58.47961245430256,1.4056685848205028,0.0260597637248088,0.0260597637248088,0.0,0.0,0.0,0.8341386646564645,0.7960227277888007,0.9899932157394844
20352.0,2.0,n/a,1.0,0.5487931022825,0.3104189189873417,0.8388207071585022,0.8034976515474559,0.9511925882121032,0.7562784643982877,0.7537126678196444,0.8393378757318881,0.7835602625169307,0.7182503265892572,65.17431343972902,48.16492263398408,1.3531489282148976,0.4766031195840554,0.4939341421143847,0.0,0.0,0.0,0.841461169371353,0.7997237907426111,0.949580223880597
20399.0,2.0,n/a,1.0,0.1359914952749999,0.0694154,0.8482443209736553,0.8193881420305333,0.96115465330421,0.7642920788252752,0.7618041301921432,0.8162196527952353,0.7551301276261715,0.6540306904141631,38.01362164985623,26.23240446042309,1.449109314672526,0.1773604590505998,0.1773604590505998,0.0208659363588941,0.0,0.0,0.8481079911803661,0.8076805994828142,0.9475873473541384
20402.0,1.0,VARIANTEffectiveEchoSpacingRepetitionTimeTotalReadoutTime,1.0,0.3894422314375,0.1926424974683544,0.8551433595042042,0.8241078537945171,0.9663217531573356,0.7773474295674445,0.7759085948526319,0.8322647324668919,0.7748144975310597,0.6690851007879296,57.408366242493166,44.8679523041459,1.2794960165184204,0.1394700139470014,0.1301720130172013,0.0,0.0,0.0,0.8508575210362106,0.8116522479343243,0.9539857530529172
20403.0,1.0,n/a,1.0,0.609360443125,0.3147428860759493,0.7745738948293045,0.7411459983644904,0.9870839970723728,0.7543731087701112,0.7972384871690298,0.8890008055901356,0.8383989769368,0.7380979915042216,72.66345769773818,67.21636395327606,1.081038208913659,0.5343197698314838,0.2979860254829429,0.0,0.0,0.0,0.7782355180231011,0.7280722243910158,0.9796217774762552
20410.0,1.0,VARIANTEffectiveEchoSpacingRepetitionTimeTotalReadoutTime,1.0,0.6698694711250001,0.3758801518987342,0.8425717080181241,0.8169368129181656,0.9700785953945856,0.7931157573480392,0.7944464279345311,0.8313837816144709,0.7687970840564989,0.7014903747303004,70.57334527063682,61.35077916600916,1.150325166688956,0.0390396252195979,0.0390396252195979,0.0097599063048994,0.0,0.0,0.8354873402049664,0.79341561648388,0.9585608887381276
20427.0,1.0,n/a,1.0,0.2049153078624999,0.1084979924050632,0.841925925925926,0.811405888588874,0.9599662162162164,0.7921544809080654,0.7911660585757923,0.8495905920927583,0.7927409172965045,0.6720292460341254,62.084500868784346,46.980366288603406,1.3214988680036095,0.1876524676299493,0.1876524676299493,0.0,0.0,0.0,0.8403351490391889,0.7976150058566631,0.9419564111261872
20427.0,2.0,VARIANTEffectiveEchoSpacingRepetitionTimeTotalReadoutTime,1.0,0.153244256575,0.0818606911392405,0.7879818790897888,0.754971440600837,0.9806030758596856,0.8620717146781369,0.8619032869462944,0.8832276984890408,0.8406874686978261,0.743126348958124,55.08480802967276,38.88373448829704,1.4166542579970505,0.0,0.0,0.0,0.0,0.0,0.7917528368416176,0.7409257514772067,0.9601933514246948
20463.0,1.0,VARIANTEffectiveEchoSpacingRepetitionTimeTotalReadoutTime,1.0,0.8339715344999998,0.3867128227848102,0.8478098124783172,0.8145326630413712,0.941329116490289,0.0573752751600788,0.0580425690708742,0.092900138966147,0.4158437776953754,0.3603512035774281,10.057367805875424,15.46564543604546,0.6503037876734795,19.281877297144472,19.366694939214025,16.95410423145792,0.0,0.0,0.842937581435751,0.799285542706178,0.9216841926729986
20463.0,2.0,n/a,1.0,0.503018134825,0.3071507797468355,0.8173781002193352,0.7804083787771136,0.9628731565766984,0.7999783659245407,0.799762759242227,0.8273987580724117,0.7682064116747999,0.7051693855175005,56.802780502148686,42.22691739898702,1.3451794258491463,0.0094679038060973,0.0094679038060973,0.0,0.0,0.0,0.8139572826516517,0.7665222076592685,0.951916553595658
20494.0,2.0,VARIANTEffectiveEchoSpacingRepetitionTimeTotalReadoutTime,1.0,0.439646645,0.245142164556962,0.8810256221333972,0.8525122289597681,0.9370347151477156,0.7505281092991932,0.7493970432305488,0.7793175400974526,0.7199595754657279,0.5970517345085624,77.73271262408309,65.40549994499173,1.18847364043481,0.0918105031215571,0.0918105031215571,0.0459052515607785,0.0,0.0,0.8627992614896797,0.8237480624055153,0.9045581750339212
20494.0,3.0,n/a,1.0,0.4688889276375,0.2614938746835443,0.8069450047061988,0.7686629361790864,0.9613536243492192,0.819224327025068,0.8172096118935782,0.8451500149847679,0.7888766231964036,0.6542017515975198,67.94400744242583,51.155003012277696,1.3281986793377494,0.0102648326832272,0.0513241634161363,0.0,0.0,0.0,0.8107536980511857,0.7608622377398587,0.9370420624151968
20533.0,1.0,VARIANTEffectiveEchoSpacingRepetitionTimeTotalReadoutTime,1.0,0.5636558858124999,0.2962611518987341,0.6481363569574374,0.576718377609955,0.9676782449725776,0.8343273697728198,0.8338624685304211,0.8579540291131773,0.8122436061967997,0.6831475041025984,77.99252962647365,63.19153258300268,1.234224372134506,0.0,0.0,0.0,0.0,0.0,0.6690150235909483,0.5905901242681322,0.946641791044776
20533.0,2.0,n/a,1.0,0.1290594806249999,0.0682673455696202,0.793972976176366,0.7485025541244156,0.9728071449317456,0.7282321530252945,0.7289102309827129,0.7971593036211557,0.7474304132937155,0.6233276098159177,56.987595775128376,35.90026472644171,1.587386505625268,0.5825613599465189,0.6112119186324133,0.0668513036004202,0.0,0.0,0.7911922035192646,0.7374105390381362,0.9401077001356852
20572.0,1.0,VARIANTEffectiveEchoSpacingRepetitionTimeTotalReadoutTime,1.0,1.883001422625,1.0691717848101268,0.7833192167804295,0.7455849736711335,0.9730164624334696,0.8547490819328958,0.8437525324560955,0.8725363859748426,0.8344298206606231,0.7293644741889197,56.17446968158531,43.84357289605735,1.2812475346104106,0.0469153178512784,0.058644147314098,0.0,0.0,0.0,0.7725147857510531,0.7141113396535047,0.9354392808683852
20572.0,2.0,n/a,1.0,0.4525971088749999,0.2500812556962025,0.8606492037891849,0.8315625355962714,0.9561331246395914,0.815143941076947,0.8157052023605483,0.8466331401172392,0.8091080370941192,0.6557435640265846,62.16994888489928,40.91571532228679,1.519463814702888,0.0742626776999787,0.0742626776999787,0.0106089539571398,0.0,0.0,0.8517388603950766,0.8104704419435256,0.9245505427408413
20612.0,1.0,VARIANTEffectiveEchoSpacingRepetitionTimeTotalReadoutTime,1.0,4.729841427125,2.584100569620253,0.7972289383884631,0.7636364262506088,0.980016863406408,0.8434996229685049,0.8433779285766204,0.8710086165598409,0.8331528297828542,0.7968462194592288,66.81871373214022,50.960266245446896,1.3111923986093816,0.0292511700468018,0.0292511700468018,0.0,0.0,0.0,0.8080250082634166,0.7625548722570386,0.9743512550881954
20626.0,1.0,n/a,1.0,0.287906193025,0.1672055759493671,0.8183587786259542,0.7824156497749852,0.9288653987783216,0.763081771965984,0.7627287765391578,0.8096569473449965,0.7642847374629408,0.6513696671353248,54.33348011557284,42.91327798035403,1.2661228102977136,0.1724323741782519,0.1724323741782519,0.0969932104752667,0.0,0.0,0.824591594772261,0.7762506909272204,0.919356343283582
20626.0,2.0,VARIANTEffectiveEchoSpacingRepetitionTimeTotalReadoutTime,1.0,0.4486071745,0.2563658607594937,0.805376202398208,0.7715345178435717,0.9509246088193456,0.7331108949605667,0.7360083497756105,0.7859630572308152,0.7578077145973467,0.6562126042345773,50.78343816515181,43.047112172583056,1.1797176535687814,1.1538914400094196,1.1656658424584954,0.8006593665371483,0.0,0.0,0.8000674518947017,0.7465067390445479,0.9254070556309364
20691.0,2.0,n/a,1.0,1.139363027,0.6825465696202531,0.8009434277876284,0.7661763829212963,0.9808267442336844,0.800497526505556,0.7989497311632513,0.8476468557306975,0.8023592706069698,0.7287510251111072,58.72260615092919,41.91852713629595,1.400874748294367,0.2533783783783784,0.2533783783783784,0.0,0.0,0.0,0.8011796109974297,0.7521476632371319,0.959574287652646
20712.0,1.0,n/a,1.0,0.42280484,0.2067635784810126,0.7854218671992012,0.7429006403435773,0.9507655116841256,0.5273581126193199,0.5274160303440975,0.582543672085052,0.7528533536073008,0.6655876036969577,28.66315220471984,24.29389670729954,1.1798499248622998,6.639438684679024,6.628966383914546,5.675987014347052,0.0,0.0,0.7858340407470289,0.7311714327570874,0.9420412143826324
20712.0,2.0,n/a,1.0,0.3509074337499999,0.1897372531645569,0.781489539748954,0.7419235441687392,0.9631203333195826,0.8237186381669553,0.8274953958082106,0.852869483288393,0.8032124506927315,0.6497182812004239,59.955672909326125,52.91827187159924,1.1329862217496902,0.0,0.0,0.0,0.0,0.0,0.7740049770847452,0.7161389150483471,0.937012381275441
20712.0,3.0,n/a,1.0,0.5047930237499999,0.2462137240506328,0.6528597987751531,0.5974927188178535,0.9707305175007114,0.815300718301377,0.8183525329426706,0.8434687332646376,0.7858229827108973,0.6768490264271281,39.82038944318703,36.721640600625015,1.0843848148361126,0.0,0.0,0.0,0.0,0.0,0.6481955220733135,0.5646018715328488,0.9449118046132972
20721.0,1.0,VARIANTEffectiveEchoSpacingRepetitionTimeTotalReadoutTime,1.0,3.69553575625,2.003136025316456,0.7798820359168598,0.753372429716015,0.9886293058143424,0.2216163219057627,0.2209142092165,0.2949052273718568,0.6078919173746541,0.5362595486174422,29.732488351281205,33.69771823051139,0.8823294250338917,22.33460625451543,22.293322324285278,19.74403963257302,0.0,0.0,0.7901733760331632,0.7433468628414791,0.9860498643147896
20721.0,2.0,n/a,1.0,0.255399687625,0.1390607443037974,0.8274876693024348,0.805196630868523,0.9974049259224308,0.8397712752899293,0.8397866820531218,0.875539118113822,0.831951103255577,0.7245288891646384,68.69547792195554,50.828935685494685,1.3515033709737805,0.0807940904893813,0.0807940904893813,0.0,0.0,0.0,0.8256367000049618,0.7855928494801531,0.9877883310719132
20721.0,3.0,n/a,1.0,0.3474439061375,0.1834329658227848,0.7478435082642328,0.7168070420181923,0.9716089848645522,0.7394804231689894,0.7396419400427828,0.7958431396997966,0.7308359903103312,0.6311759791271266,56.05810527159781,52.51847698996743,1.067397770927488,0.551294343240652,0.5752636625119847,0.1438159156279961,0.0,0.0,0.7637374768628037,0.7101142680158249,0.9753731343283584
20724.0,1.0,n/a,1.0,2.3872262407500004,1.2889517594936708,0.7979250679504717,0.7553646987670631,0.9241214714838284,0.6458346295907753,0.6626851390768963,0.7264589381758735,0.66950375863685,0.6063330825317957,49.045261803937485,49.15039719911815,0.997860945156664,0.8514302114225581,0.6792308428202429,0.2104658949583851,0.0,0.0,0.8114018297157946,0.7600536308695225,0.9211753731343284
20794.0,1.0,n/a,1.0,1.25967352975,0.7143392025316455,0.8579965581799959,0.8333475038728034,0.9827153006411368,0.7928137503933238,0.794888561106683,0.818093301135402,0.7542152437552736,0.65924580135406,75.56899913561031,58.36071425941471,1.2948607654064064,0.0114468864468864,0.0114468864468864,0.0114468864468864,0.0,0.0,0.8428559047730296,0.8013201289541363,0.948452340569878
20812.0,2.0,n/a,1.0,8.6690055765,4.6715375443037965,0.8218020184355302,0.7898290100030961,0.9652516261554264,0.5179837137378293,0.5401411055889377,0.6485337222322153,0.676522504298935,0.6208439895477217,35.175230342681445,32.206933181879734,1.0921632973881454,4.437244682349626,3.817439075926187,1.7044654176644598,0.0,0.0,0.7519789947096824,0.6807532492483781,0.8585566485753053
20812.0,3.0,VARIANTEffectiveEchoSpacingRepetitionTimeTotalReadoutTime,1.0,3.0997274925,1.6523680506329117,0.7972063442517412,0.7524009979020243,0.8699280453016562,0.5158742064190073,0.5159763539454284,0.6021498067508166,0.568009450339859,0.4693527851445734,48.45685323010905,49.70412392674832,0.9749060923299354,2.937538651824366,3.0766852195423624,1.4996907854050712,0.0,0.0,0.746785202087359,0.6729658044966808,0.7882250678426052
20818.0,1.0,VARIANTEffectiveEchoSpacingRepetitionTimeTotalReadoutTime,1.0,0.730039070825,0.3955647455696203,0.7848790222823309,0.7436289527617499,0.9594741723456592,0.8046082416165801,0.8029461228874812,0.8374198658588643,0.7889163897971481,0.6809925733198733,77.14113911725595,56.995682663956,1.3534558322965735,0.0309405940594059,0.0721947194719472,0.0,0.0,0.0,0.7928637513323742,0.741584377246031,0.9556690976933514
20818.0,2.0,VARIANTEffectiveEchoSpacingRepetitionTimeTotalReadoutTime,1.0,0.2435094431612499,0.1300845670886075,0.8029045643153527,0.7662874129553018,0.9671432668278094,0.7508522468050645,0.7538975687986516,0.7942494534540152,0.7254813752781635,0.5868591935979529,79.93794515290452,62.13901484108522,1.2864372786942055,0.24330900243309,0.2085505735140771,0.0347584289190128,0.0,0.0,0.8045761830473219,0.7550880020112151,0.9512550881953868
20823.0,1.0,VARIANTEffectiveEchoSpacingRepetitionTimeTotalReadoutTime,1.0,0.5473172137875,0.2907078949367089,0.8034076490846475,0.7655838128689981,0.9414213499851324,0.8028839577891728,0.80441438187577,0.8337979324342099,0.7698215394935214,0.6801341452529698,79.99416901016305,55.93017504751906,1.4302506463138882,0.0288766965059197,0.0288766965059197,0.0,0.0,0.0,0.7931588842768781,0.738060597810707,0.9256911465400272
20823.0,2.0,n/a,1.0,0.3903013684999999,0.2099473696202531,0.8663680409543834,0.8416520525387742,0.9859348341725273,0.8469534943936069,0.8478156251946413,0.8747679106214894,0.8332971825089863,0.7241840115169019,76.96623359304382,53.42080009625132,1.440754040642771,0.0,0.0,0.0,0.0,0.0,0.8540690658051556,0.8168280424750655,0.9662525440976932
20836.0,1.0,VARIANTEffectiveEchoSpacingRepetitionTimeTotalReadoutTime,1.0,1.8943125216000003,1.0544792658227848,0.7819724684141052,0.7372055980103271,0.8962565920290482,0.0601108941123576,0.0607465554484937,0.095878964652834,0.4132784960060852,0.3461796917019691,19.875394197583283,27.65617757519772,0.7186602032598928,20.980108900989,20.80231136792977,19.01322369152128,0.0,0.0,0.7591194642850029,0.6888375504309217,0.8080096675712347
20836.0,2.0,n/a,1.0,0.1407054026499999,0.0780001367088607,0.6955294250504651,0.6379129098419504,0.957221121342814,0.8066011124378428,0.8077242496344461,0.8427354464988613,0.7988388495920181,0.672367584212157,46.60710691831654,33.825187783892105,1.377881690298001,0.0217580504786771,0.0217580504786771,0.0108790252393385,0.0,0.0,0.6710987621560027,0.58628188549554,0.9114781207598373
20846.0,1.0,VARIANTEffectiveEchoSpacingRepetitionTimeTotalReadoutTime,1.0,29.2985478593,17.83545025316455,0.8311224042758258,0.8015356160538567,0.9851279494848788,0.0,0.0,0.0,0.1204932790623943,0.118026155357406,-9.315818467886832,18.164090174778117,-0.5128700847798248,50.94443425637264,51.173665871997066,51.96222262974509,0.0,0.0,0.8158250028203048,0.7686182138275168,0.950572421981004
20855.0,1.0,n/a,1.0,0.19314059535,0.1007579278481012,0.8023474555832463,0.7593605292859231,0.9542951120630306,0.7955785731345258,0.7965994101878784,0.8277672553850276,0.7742993944628896,0.6765580461410817,71.03395156597375,51.53328657432922,1.378409107742773,0.0,0.0,0.0,0.0,0.0,0.8035796599212887,0.7510596512533226,0.9276755427408412
20860.0,1.0,VARIANTEffectiveEchoSpacingRepetitionTimeTotalReadoutTime,1.0,0.5176433705,0.3386432151898734,0.8776124422026061,0.8509216020381831,0.9865426778559008,0.8183258276940371,0.8180376401578185,0.8534951458408928,0.8020127637287745,0.6241100404282269,87.5665656440812,62.65938635306439,1.3975011684709662,0.0244439012466389,0.0244439012466389,0.0,0.0,0.0,0.8752182841020916,0.8438162144095928,0.9786253392130256
20865.0,2.0,VARIANTEffectiveEchoSpacingRepetitionTimeTotalReadoutTime,1.0,0.6915261981249999,0.3636001291139241,0.8292310840728545,0.8019608265609526,0.982714525090396,0.7807294263021985,0.7780898809556084,0.8519013262041812,0.8004122483931746,0.6736250572359246,59.529796226521874,46.71540954436839,1.2743074888379795,0.6873797085510036,0.7148748968930437,0.0274951883420401,0.0,0.0,0.8332875875117567,0.791588560421813,0.9654638738127544
20866.0,1.0,VARIANTEffectiveEchoSpacingRepetitionTimeTotalReadoutTime,1.0,0.5442895471249999,0.2928473126582278,0.8128044537230341,0.780068815667023,0.9834476526882162,0.0,0.0,0.0,0.363284743860262,0.3359829797644668,0.3846528281945889,4.089983875737119,0.0940475170272559,34.70381917381138,35.17147310989868,35.9996102883866,0.0,0.0,0.8076693727997701,0.7591036256661757,0.9533539687924016
20866.0,2.0,n/a,1.0,0.2913050304999999,0.151730517721519,0.7543642339262415,0.7114086103183863,0.9562450278440732,0.7913568477906273,0.7927003150543638,0.8293692932921131,0.7728241065849614,0.6438484879169147,73.08291839787324,55.14495959392766,1.3252873687103188,0.0531801744309721,0.0425441395447777,0.0,0.0,0.0,0.7472050896519276,0.6824762464556655,0.9292571234735414
20902.0,1.0,n/a,1.0,0.723783836,0.4363844696202532,0.8160011238717382,0.7710590292545304,0.9006124505775641,0.6579845175620761,0.6569508428316684,0.7084595629571389,0.6340610410261391,0.5858124559132537,44.5639520966331,42.61472565476511,1.0457406779445038,0.5258126195028681,0.5449330783938815,0.0860420650095602,0.0,0.0,0.7724334627155185,0.7061775180994178,0.8256741858887381
20902.0,2.0,n/a,1.0,0.3243146228749999,0.160524246835443,0.7343137543838967,0.6803674268205988,0.953649481379416,0.8469952594474471,0.8487743408309649,0.8669490498785806,0.8287766146806694,0.7122637886767813,55.58530256020799,45.221755621288665,1.2291717072134318,0.0,0.0,0.0,0.0,0.0,0.7427704806858554,0.6777400409349124,0.933467605156038
20902.0,3.0,n/a,1.0,0.1110064269749999,0.0566659227848101,0.7542843458608355,0.7075508359671202,0.9725577984484156,0.8300665081234977,0.8303500815721777,0.8622054960806336,0.8126965957791785,0.6931823262879812,56.89917938912766,40.2934038268052,1.412121438876193,0.0531745187706051,0.0425396150164841,0.0,0.0,0.0,0.7631644409308221,0.7049456766572767,0.9496226255088196
20916.0,1.0,n/a,1.0,3.89102337625,2.2777716455696204,0.7746697222971152,0.7234773063724634,0.9076406712734452,0.4381405164250785,0.4492795413585251,0.4985806835669057,0.5316177330614104,0.4519066704944651,32.265446053358254,32.19528843254659,1.002179126953891,3.006999901409839,2.6520753228827765,1.5084294587400178,0.0,0.0,0.7091216030587866,0.6228368301697284,0.7934786295793759
20916.0,2.0,VARIANTEffectiveEchoSpacingRepetitionTimeTotalReadoutTime,1.0,0.6212768708749999,0.3359636050632912,0.8006974289953046,0.7552912881651983,0.960305231491672,0.8233143125713571,0.8215943826513353,0.8449086732942747,0.803260444012709,0.7119070622656707,54.29072531763666,41.18799164259321,1.3181202372949323,0.026749888542131,0.0713330361123495,0.0,0.0,0.0,0.7617714864949721,0.6965922656124337,0.9001865671641791
20916.0,3.0,VARIANTEffectiveEchoSpacingRepetitionTimeTotalReadoutTime,1.0,0.3010174685,0.1602096924050632,0.7726163663663663,0.7223326165056569,0.940520162979323,0.8086064571731231,0.8092466893233419,0.8320995631586181,0.7809284593825205,0.6769476351644633,55.90335520583391,43.38229047193741,1.2886215687942058,0.0493048022877428,0.0591657627452913,0.0098609604575485,0.0,0.0,0.7611113194641635,0.6961419213263287,0.9035405359565808
20919.0,1.0,n/a,1.0,1.047859091375,0.5561206075949368,0.728415220877679,0.6714543070581074,0.9472905843540252,0.2609163362689247,0.2599689711468949,0.3254568536310585,0.6228415286208273,0.5816075567852157,38.92512761686184,41.7754606271387,0.931770159622724,15.31022678647839,15.318784766795035,13.821138211382117,0.0,0.0,0.7423136451459026,0.6747509474284956,0.9171684192673
20923.0,1.0,VARIANTEffectiveEchoSpacingRepetitionTimeTotalReadoutTime,1.0,22.164587278395253,12.039765848101268,0.8491149847212346,0.8126553458091829,0.8813133328014043,7.940501317716686e-07,1.4537900887460836e-06,0.0001724105919786,0.2088266021099202,0.2062660783018506,2.514922571433352,19.6689724620536,0.1278624278052791,41.92835028748341,41.857585139318886,40.53073861123397,0.0,0.0,0.8372533603218548,0.7912198400531931,0.8488763568521032
20923.0,2.0,VARIANTEffectiveEchoSpacingRepetitionTimeTotalReadoutTime,1.0,0.33472633875,0.1820702873417721,0.8555003647226371,0.8226266896722424,0.954390451832907,0.8117120677765504,0.8086644907461685,0.8403949646651931,0.7782465953877952,0.6664874904729992,67.7119928419099,54.28267577084743,1.247396003980237,0.0350784881171621,0.0438481101464526,0.0263088660878716,0.0,0.0,0.8526944045911047,0.8130996514308491,0.9450178086838534
20934.0,1.0,VARIANTEffectiveEchoSpacingRepetitionTimeTotalReadoutTime,1.0,0.9495904226250002,0.5054395430379747,0.83625775223113,0.8017339126922093,0.9296283840591896,0.0045578559112031,0.0,0.0,0.5104953654336114,0.5200855552559805,0.3056332104758396,2.52381596371549,0.1210996423153989,36.57499291182308,49.74010017956715,54.10641716283905,0.0,0.0,0.7987613053586596,0.7422318025563506,0.8951874151967436
20936.0,2.0,VARIANTEffectiveEchoSpacingRepetitionTimeTotalReadoutTime,1.0,1.649624776125,0.9847412025316457,0.8780222765552839,0.8555171577559149,0.9583941605839416,0.7933730068006201,0.79477549642838,0.8201903392736037,0.754691735732696,0.6860389450128394,73.63370780105679,63.91271319401403,1.152097980530628,0.0647668393782383,0.0,0.0,0.0,0.0,0.8731765165521882,0.8380634166545539,0.938174185888738
20936.0,3.0,n/a,1.0,0.7995988773749999,0.4671696405063291,0.8526738448630616,0.8261909559944606,0.959104799568578,0.8178133622643994,0.8175166732343098,0.8373929444017975,0.7728423216195314,0.7150165229693167,53.35398887150192,48.34397908253625,1.103632549162166,0.0529044545550735,0.0529044545550735,0.0105808909110147,0.0,0.0,0.8532430645019478,0.8138921815888553,0.9464001017639078
20953.0,1.0,n/a,1.0,0.2308814687499999,0.1197144164556962,0.828301654563677,0.7911598862009614,0.94306534272902,0.1845439210293965,0.1847211022494872,0.235487276798542,0.5720047667185671,0.4546595314791914,29.59231573385933,35.60108175148868,0.8312195663161811,16.04289544235925,16.075067024128685,14.981233243967829,0.0,0.0,0.8392877986241999,0.7953097558458062,0.9299016282225238
20953.0,2.0,n/a,1.0,1.882146769,1.0444491949367092,0.748629973790803,0.6970962429576328,0.9350448377112928,0.748807183318926,0.7291326860348433,0.8085860335093407,0.7606351348258386,0.6846385332295737,64.18180629878911,54.44740433996356,1.1787854182734778,0.5755395683453237,0.6972883231876037,0.0,0.0,0.0,0.7563487894477015,0.6913647410579323,0.9127289687924016
20964.0,1.0,VARIANTEffectiveEchoSpacingRepetitionTimeTotalReadoutTime,1.0,1.164050361875,0.6068641265822785,0.853559396513842,0.822791187615998,0.9537624289046196,0.8085234267663002,0.8084664624408433,0.8294752138654691,0.7738982536756969,0.6755420823400883,81.92826397584197,62.151394915726,1.3182047496589957,0.0,0.0,0.0,0.0,0.0,0.8478578444710755,0.8060679836086457,0.9314662483039348
20966.0,1.0,VARIANTEffectiveEchoSpacingRepetitionTimeTotalReadoutTime,1.0,0.3646675999999999,0.2049732531645569,0.8385913821927412,0.813473907487323,0.999571459181487,0.1680243348028993,0.1683173328938594,0.2334788020103058,0.6651429051281301,0.5690043820970978,21.366345513141543,25.262299422098277,0.8457799171856568,18.098885009573152,18.12141006870143,16.93884446446672,0.0,0.0,0.8432866862225245,0.8066905863051756,0.988577001356852
20966.0,2.0,VARIANTEffectiveEchoSpacingRepetitionTimeTotalReadoutTime,1.0,0.17758246425,0.0979510025316455,0.8394425318040393,0.8142999234070998,0.993636680613668,0.8583172949123984,0.8615307123736141,0.8866659786478913,0.8376869652914263,0.7206457495654731,70.21231986450617,51.6853491614729,1.3584569129087662,0.0226551880380607,0.0226551880380607,0.0,0.0,0.0,0.8447242611154414,0.8073654595943434,0.98108039348711
20966.0,3.0,VARIANTEffectiveEchoSpacingRepetitionTimeTotalReadoutTime,1.0,0.16421050545875,0.0844733734177215,0.8263935957793694,0.8000333573383661,0.9919085312225154,0.8530417789286573,0.853539393964908,0.8844386303917953,0.8347132877573978,0.7384651573431622,65.56384377971325,48.28320199271527,1.3579017354649594,0.0347906760988055,0.0347906760988055,0.0115968920329351,0.0,0.0,0.830858547196479,0.7897022163480995,0.973350576662144
20968.0,1.0,VARIANTEffectiveEchoSpacingRepetitionTimeTotalReadoutTime,1.0,0.2416616457749999,0.1254674139240506,0.8256352441245338,0.7855515464399497,0.9311451038691756,0.361887424050134,0.36110110136868,0.4332076015570537,0.6768267806196508,0.5829781262332645,29.43015743910183,26.553984026408354,1.1083141953325375,10.114646951676844,10.093217614914815,8.903889424622308,0.0,0.0,0.8214015609874153,0.7724226442558386,0.9210396879240162
20968.0,2.0,n/a,1.0,0.16002290125,0.0800483253164557,0.849104950991811,0.8147724076799772,0.9388943927085396,0.7159714428241788,0.7164210889715124,0.752907639057431,0.6817754489838838,0.4901917987073466,84.23733981415882,63.16342347814139,1.3336411355744573,0.0759466203753932,0.043398068785939,0.0,0.0,0.0,0.8350884836979144,0.7887766494372084,0.9102018317503392
20968.0,3.0,n/a,1.0,0.2912782065629999,0.1636426443037974,0.8111747702213837,0.7711743382125545,0.9412331793532838,0.7732696700885358,0.7717557041741351,0.8093474927195043,0.7532659058366641,0.6333069112489548,57.94236641763418,40.46412376657674,1.4319441773132977,0.0703729767769176,0.0469153178512784,0.0,0.0,0.0,0.8131650774389033,0.7629843328830631,0.9291214382632292
20976.0,1.0,n/a,1.0,0.69025646125,0.3523574050632911,0.7675339457189118,0.7258181387650731,0.9690725822774562,0.8430120761435852,0.843681988088764,0.8653112296174994,0.8206774234129461,0.6677881983287876,72.05426358650945,59.361602509506845,1.2138193805494024,0.0,0.0,0.0,0.0,0.0,0.7691971061985172,0.7117202841866892,0.9465145861601084
20976.0,2.0,n/a,1.0,0.37399332075,0.1897290582278481,0.7726218097447796,0.7287594035974184,0.9623134476069832,0.8111115844231845,0.8215292678560076,0.8498711795060938,0.7912368057626632,0.6954857019734376,54.66338255842283,50.27927898227055,1.0871950367008685,0.0572628364191639,0.0190876121397213,0.0,0.0,0.0,0.7603293699841582,0.6979771046330494,0.925958276797829
20976.0,3.0,n/a,1.0,0.386069846,0.1935215278481012,0.7520988878218037,0.7029303754347186,0.9525248165731548,0.7993692203369174,0.7993231783019299,0.8399678354151839,0.7874417982567442,0.6676007179476527,49.46922617262238,43.57371620791156,1.1352996824181911,0.0536480686695279,0.0536480686695279,0.0,0.0,0.0,0.7540418252112135,0.6927215121441083,0.941935210312076
20983.0,1.0,n/a,1.0,3.97640626375,2.052171518987342,0.7815522607851668,0.7349820683236911,0.9308777804353026,0.2229396681707319,0.2234049905862476,0.2841048041018995,0.5514811889723661,0.4918052117409554,40.95159159410312,50.1108942490071,0.8172193333970392,13.812154696132598,13.873542050337631,12.277470841006751,0.0,0.0,0.7813994359377308,0.7217679895024989,0.9086965739484396
20983.0,2.0,VARIANTEffectiveEchoSpacingRepetitionTimeTotalReadoutTime,1.0,0.5514880249024999,0.298576288607595,0.8260869565217391,0.789570090711545,0.9677968725808948,0.7709522577637983,0.7666154384592792,0.8180941658813046,0.752469850145648,0.6415252399660792,77.5463358788279,60.344568270639925,1.285059088185694,0.0936329588014981,0.1029962546816479,0.0093632958801498,0.0,0.0,0.8224284006159717,0.7768297678277739,0.9522388059701492
21023.0,1.0,n/a,1.0,0.6337834625,0.317962946835443,0.7675370420546753,0.7135923127594936,0.959633420104839,0.8380089299641915,0.8380980059894807,0.8580067521404522,0.804228653850178,0.7233149649753314,48.165624823968336,43.63039433005687,1.1039465850251815,0.042169182761238,0.042169182761238,0.0,0.0,0.0,0.7667290242676437,0.7079125699936105,0.9410490162822251
21023.0,2.0,VARIANTEffectiveEchoSpacingRepetitionTimeTotalReadoutTime,1.0,0.42002425875,0.2058973050632911,0.842455871066769,0.8017954679849719,0.958841410153384,0.7926431446703714,0.7905341516064159,0.8322111821708931,0.7711001095352089,0.667687476564653,66.90141632328523,65.71312836974914,1.0180829612440596,0.1033146792940163,0.1033146792940163,0.0,0.0,0.0,0.848882679443276,0.8086764491823029,0.9480749660786976
21035.0,1.0,n/a,1.0,4.904795675,3.1153739240506333,0.8212455999721187,0.7853771947031507,0.9571857990088553,0.0071495900293579,0.0068138041550635,0.0180156668600727,0.3228397524520721,0.2717072572568457,12.673551948737432,33.41208862244549,0.3793103775088045,37.11259317379365,37.298940761082775,35.81796783052177,0.0,0.0,0.825472105012967,0.7806752246446617,0.9535193351424694
21035.0,2.0,n/a,1.0,0.209855666575,0.1180543341772151,0.8055573933178961,0.7702670791468463,0.9805516408294744,0.834805367516012,0.835464758707128,0.8638738731860441,0.808680805262952,0.676096775984842,68.47411613424738,53.61667469160747,1.2771048657548605,0.011005943209333,0.011005943209333,0.0,0.0,0.0,0.8092475402210071,0.7644814109267726,0.9773575305291724
21035.0,3.0,n/a,1.0,0.155225010625,0.0855715329113924,0.7288983406218176,0.6859441784582694,0.9863407911802854,0.8101597504622062,0.8108635126875752,0.8396925849798519,0.7850842725672156,0.6649592909547636,63.89930582860803,50.440278078818,1.266830958559724,0.0311558832692906,0.0311558832692906,0.0,0.0,0.0,0.728816581234678,0.6677067374811497,0.97063263229308
21038.0,1.0,VARIANTEffectiveEchoSpacingRepetitionTimeTotalReadoutTime,1.0,0.976699007,0.589104394936709,0.7957752486904295,0.7579685321403651,0.9623622632165408,0.8254662091187982,0.8241415356028666,0.8445776724861428,0.8038692949716371,0.7213226635659097,63.80877989262533,51.80404018856946,1.2317336574591091,0.0541535795516083,0.0541535795516083,0.0,0.0,0.0,0.8013483968939483,0.7505559230523201,0.9464806648575306
21038.0,2.0,n/a,1.0,0.2944468194749999,0.1674996746835443,0.8221076707745878,0.792173808689595,0.9928265171503958,0.8505946041263812,0.8502513088304112,0.8713989387733456,0.8253298324940501,0.7191856713688606,53.82579515739552,40.82977011804383,1.3182977763964527,0.0115580212667591,0.0115580212667591,0.0,0.0,0.0,0.8276033961249708,0.7875819779022377,0.985549525101764
21050.0,1.0,n/a,1.0,3.268281275875,1.7469241392405062,0.8527505286145101,0.8170522176871949,0.937038165612859,0.0256214558190404,0.0258464886141751,0.0453797578262785,0.4413017248253872,0.3883538278407604,10.647707272810836,13.667713268318964,0.7790408727326507,29.606868504292816,29.697243560777224,28.05241753276096,0.0,0.0,0.8541051457652676,0.8133139507995141,0.9222481343283582
21095.0,1.0,n/a,1.0,0.6012804146249999,0.3694559151898735,0.866060709998285,0.8488230896749661,0.9991591235099174,0.8612400985813584,0.8632007354715732,0.8881085837879101,0.8281034204367276,0.7073672214244195,66.75221105345176,49.03965926740227,1.3611883126974214,0.0,0.0124766063630692,0.0,0.0,0.0,0.86877573179273,0.8378644279638021,0.9940637720488468
21104.0,1.0,n/a,1.0,0.3041935712974999,0.1724478670886076,0.8854713523974225,0.8656208265148755,0.9786565941567308,0.8220459993866197,0.8206683192537945,0.8516887251137181,0.7996099311475302,0.6732213876700577,57.849944925395846,45.58128029440367,1.2691601585508443,0.0121580547112462,0.0121580547112462,0.0121580547112462,0.0,0.0,0.8837956658755787,0.8528935034288743,0.963203867028494
21104.0,2.0,n/a,1.0,0.28513176425,0.1597169696202531,0.8627442921436058,0.8379166426733661,0.9567020646278656,0.8255656643757605,0.8261262384000763,0.850993418418394,0.797713482314746,0.6686657016671148,50.47414094915201,38.60307566507721,1.3075160483861163,0.1288992008249549,0.1417891209074503,0.0128899200824954,0.0,0.0,0.8606551346243955,0.8227356996809486,0.942388907734057
21112.0,1.0,n/a,1.0,3.4416233825,1.974721556962025,0.7737636166545235,0.7349356505979399,0.9496205181889558,0.0559806662724606,0.0515812373824819,0.06346299259349,0.4604453296158959,0.4529230899144575,5.681254114864807,9.327497417260028,0.6090866457225659,25.2724378596792,28.468225786702583,24.219419615525897,0.0,0.0,0.7441217542437527,0.6737384475610312,0.8913543080054274
21112.0,2.0,n/a,1.0,1.092181177375,0.6962529493670886,0.7304781864431183,0.6886946218783627,0.9707045367575152,0.6991364239400021,0.713909061103301,0.8024772657929925,0.7482089414893011,0.6317191488418277,53.7489368311142,36.11527375228873,1.4882605403955431,1.215428500558105,0.9301748728761008,0.049609326553392,0.0,0.0,0.7342134458967104,0.6699243874967672,0.9484565807327
21116.0,1.0,VARIANTEffectiveEchoSpacingRepetitionTimeTotalReadoutTime,1.0,0.4153070644,0.2934774873417722,0.7765723579560687,0.7347479779453822,0.9331243020359076,0.7915927081141424,0.7922353208133219,0.8153004190637572,0.7468169472607781,0.6217999914489591,65.29801081537698,51.13673198628702,1.276929680075909,0.0451518230048538,0.0451518230048538,0.0,0.0,0.0,0.7316991888365761,0.6565253238796328,0.8751102442333786
21118.0,1.0,n/a,1.0,0.3961511130125,0.2196633873417721,0.8610437112954044,0.8346808373457363,0.9811819082205347,0.8310784708498462,0.8295803605851709,0.8610621448389931,0.8032259157501163,0.6617145064266273,98.95168416719096,73.79543863130553,1.340891605259917,0.0186271770513178,0.0093135885256589,0.0,0.0,0.0,0.8598120025683526,0.824947819641755,0.9766070217096336
21124.0,1.0,n/a,1.0,1.2274737725,0.6913158113924049,0.8296409472880061,0.7926158955073563,0.9925450700691733,0.2359446400683904,0.2386106617560351,0.3006057631519844,0.6250900503543465,0.5321763947072284,35.30089702513231,35.90498732177703,0.9831753095682524,16.56629213483146,16.224719101123593,15.047191011235956,0.0,0.0,0.8319221787653472,0.7926193022690758,0.9848880597014924
21131.0,1.0,VARIANTEffectiveEchoSpacingRepetitionTimeTotalReadoutTime,1.0,2.2204001775,1.1842211645569618,0.8016969739644763,0.760768322290645,0.934731743360289,0.058182502759011,0.0501078741688144,0.087909415631832,0.4631805741071809,0.4238506918698499,9.085042330642256,14.260505532112566,0.6370771576213812,22.799349461272616,24.130920918885952,21.15267330758284,0.0,0.0,0.796370725854829,0.7396420636129993,0.9006445047489824
21139.0,2.0,n/a,1.0,0.4338746695,0.2382890886075949,0.7911351589411265,0.7526877601003807,0.9843052837573384,0.8236887270713705,0.823525425991454,0.848645859121003,0.7940931479441132,0.693914664785747,67.795998713947,54.08722353922978,1.253456810641688,0.0320136591612421,0.0320136591612421,0.0,0.0,0.0,0.7932887711276031,0.7431812552629701,0.9629070556309364
21141.0,2.0,n/a,1.0,0.22304469905,0.1155111531645569,0.832254542618732,0.7971492284956858,0.9888073530501816,0.8229240737239575,0.8219338190504034,0.857972441277596,0.8084292458188865,0.7138818009829289,65.35755331531905,49.462470372550456,1.3213564309070516,0.0595947556615017,0.0681082921845734,0.0085135365230716,0.0,0.0,0.8322963307553644,0.7911152643268174,0.9710312075983718
21146.0,1.0,VARIANTEffectiveEchoSpacingRepetitionTimeTotalReadoutTime,1.0,0.4448419546749999,0.244632329113924,0.8604659763313609,0.8328838650411446,0.9678452579034942,0.8079581711713273,0.8066393708832224,0.8335924327141321,0.7673375212207074,0.6014578079227924,83.71759316919666,64.77207880656059,1.2924950798509365,0.0092549745488199,0.0092549745488199,0.0,0.0,0.0,0.8649105539997982,0.8297220374678713,0.9632123473541384
21150.0,1.0,n/a,1.0,0.5880947175,0.3196664556962025,0.8119594192892622,0.7794738495120263,0.9510737712283224,0.7536002008367,0.7534707337257559,0.7756270080238009,0.7170078289355418,0.6118524768188806,55.56851892024212,59.06962012025987,0.9407292413106796,0.2273196941516842,0.2169869807811531,0.1446579871874354,0.0,0.0,0.7945439892248756,0.7386882964026756,0.9154808344640434
21154.0,1.0,n/a,1.0,1.4609578975,0.844095240506329,0.8506417294514065,0.8230013313470412,0.96728086791803,0.610605670166572,0.6116769840905288,0.6619824175087716,0.7553910707081088,0.6923120055121721,55.68193670022601,47.88210960508344,1.162896479697179,3.124389767623511,3.163444639718805,2.5288029681702797,0.0,0.0,0.8454172057894261,0.8049071906759694,0.9530444369063772
21154.0,2.0,VARIANTEffectiveEchoSpacingRepetitionTimeTotalReadoutTime,1.0,0.8223527975,0.3929008860759494,0.7493323417058246,0.7076935934381421,0.9547314467846836,0.8139618013575076,0.8128249361330766,0.8307283883813751,0.7808413643437552,0.6386524625200042,69.85035244042973,61.947351672368285,1.1275760876729553,0.0106089539571398,0.0106089539571398,0.0,0.0,0.0,0.7203091639928911,0.6448041120128674,0.8962220149253731
21161.0,3.0,n/a,1.0,0.4218765433750001,0.2335259316455696,0.8241680987345728,0.7980690627564772,0.9783939169139466,0.8605637847160067,0.8621225051765855,0.8816965143096284,0.8380107545773332,0.7497395352751729,62.78169926531224,48.31524321274846,1.2994180529913313,0.0,0.0110963160230803,0.0,0.0,0.0,0.8224873049378474,0.7777453389209837,0.9590866689280868
21193.0,1.0,n/a,1.0,0.270845999625,0.1437360316455696,0.7676936491788984,0.7344868371313208,0.968777222502407,0.8440883767997883,0.8437677045194933,0.8638878074984779,0.8146297984185241,0.7032566573764509,66.56027600045988,51.676239681026615,1.2880247558898537,0.0337078651685393,0.0449438202247191,0.0,0.0,0.0,0.7708270717317817,0.7171755943567525,0.9678383649932156
21193.0,2.0,n/a,1.0,0.6225037352499999,0.3469526278481012,0.7671517279127267,0.7372924134837635,0.9732771418993345,0.8337123588087678,0.8345525215246238,0.8569460920743582,0.8007495070708869,0.6689105321911739,71.04331752055364,55.06323838946789,1.2902132093658756,0.0526731630234395,0.0263365815117197,0.0,0.0,0.0,0.7622550072606353,0.7024031886148502,0.9403833107191316
21197.0,1.0,VARIANTEffectiveEchoSpacingRepetitionTimeTotalReadoutTime,1.0,0.9246330155,0.5129208202531645,0.8304821150855366,0.7975720672313553,0.9923748946279408,0.7988857209472062,0.7927638771051778,0.8795523989347311,0.8408466323703173,0.7372038357703092,60.36194236965924,41.39043519630793,1.458354861053589,0.684931506849315,0.684931506849315,0.0,0.0,0.0,0.8195420646723657,0.7737547892656047,0.9556818181818182
21224.0,1.0,VARIANTEffectiveEchoSpacingRepetitionTimeTotalReadoutTime,1.0,1.084579450175,0.5488059746835444,0.7961071015715312,0.7496252857329436,0.9500037282827528,0.7708124154381418,0.7726159202755932,0.8082315704311692,0.7609829773208661,0.6571445735636375,55.925711182645344,51.60339748208495,1.0837602543914082,0.5152943756167087,0.5152943756167087,0.2631290428681065,0.0,0.0,0.7927434075862362,0.7359899674227697,0.9105876865671642
21325.0,1.0,VARIANTEffectiveEchoSpacingRepetitionTimeTotalReadoutTime,1.0,0.8102789257499999,0.4600954848101266,0.8465608465608465,0.8116927935210421,0.9646908090590496,0.8292613970418247,0.8308195897632851,0.860789186921412,0.8126242308496557,0.7486873753679374,60.11133601195742,43.07695919618833,1.395440558795905,0.0425206225019134,0.0510247470022961,0.0,0.0,0.0,0.8408183422597058,0.7973130511945538,0.9312712008141112
21325.0,2.0,n/a,1.0,0.63183523226,0.3561535139240506,0.8754455380791994,0.8455835617658003,0.9753005464480874,0.8400792336027701,0.8395535278498266,0.8607361967175422,0.8130250873315548,0.7073864086819507,62.319111687654285,43.99454631822296,1.4165190211733385,0.0871687587168758,0.0261506276150627,0.0,0.0,0.0,0.8593758207892418,0.8207369141143522,0.936456919945726
21345.0,1.0,n/a,1.0,0.3638720186249999,0.188931364556962,0.8100145513983296,0.783831540190139,0.9754200672107536,0.8034893258795314,0.8019609953655179,0.8280281910088733,0.7727833758562518,0.6468255128145626,57.41099292838341,41.097900709372496,1.396932493812042,0.0237247924080664,0.0355871886120996,0.0,0.0,0.0,0.8095215778449913,0.761183781154336,0.9521455223880596
21432.0,1.0,n/a,1.0,0.1927001736249999,0.1064392126582278,0.7643493278249974,0.7247701899207677,0.9617793685286974,0.8205711639868146,0.8202844568999695,0.8525969998126086,0.8112418645148648,0.7341596790449659,41.254342360774096,32.21800357972077,1.280474820815438,0.1945126945126945,0.1945126945126945,0.1023751023751023,0.0,0.0,0.7658543551836691,0.7072488797426821,0.943648236092266
21493.0,1.0,n/a,1.0,0.8872006987499998,0.4869944215189874,0.7976166753019011,0.7653889482567944,0.9452578877763084,0.7929983859398871,0.7987012051155868,0.8362278379013561,0.785858856208299,0.6852156195217186,51.48227276768112,39.2540378284997,1.3115153399659518,0.1375326640077018,0.0687663320038509,0.0,0.0,0.0,0.7983416300706017,0.7441791867698733,0.9234481004070556
21493.0,2.0,n/a,1.0,0.2334025903749999,0.1203062544303797,0.7908954000419391,0.761344197524579,0.97166143613284,0.80927272591939,0.8088265746446106,0.8391442237720017,0.784874810506745,0.6513248677424186,58.44735689326159,45.4503302403891,1.2859611048837392,0.132934529744101,0.132934529744101,0.0166168162180126,0.0,0.0,0.7956390782803989,0.7462208923419296,0.9643783921302578
21514.0,1.0,VARIANTEffectiveEchoSpacingRepetitionTimeTotalReadoutTime,1.0,0.2969860487499999,0.1610829531645569,0.8594529959952171,0.8355888203856944,0.9860203814998694,0.8526193847404208,0.8515599495704064,0.8755654570660589,0.8362142994175044,0.6869915376927553,66.61684443149059,46.228546019073846,1.4410326555372206,0.0,0.0,0.0,0.0,0.0,0.8546328612783438,0.8183776206241047,0.9739060379918588
21516.0,1.0,VARIANTEffectiveEchoSpacingRepetitionTimeTotalReadoutTime,1.0,0.49071488225,0.2694632797468354,0.8635377777777777,0.8368646971112319,0.9824440758868976,0.8442376691197191,0.8436722895639382,0.8694071752613065,0.8240073045076033,0.6903032728057845,82.8894927182943,57.96227290930509,1.4300593913560535,0.0,0.0,0.0,0.0,0.0,0.8471157664159401,0.807113643277772,0.9543504070556308
21539.0,1.0,n/a,1.0,0.3452492605,0.1820013721518987,0.7776156315765219,0.7304915558156198,0.95875,0.8357302187758153,0.8367470376363052,0.8528627380838579,0.8040263788225535,0.6746844526612179,72.60805428932291,64.58061163650045,1.1243011245852836,0.0093353248693054,0.0093353248693054,0.0,0.0,0.0,0.7810578019961556,0.7264399546041284,0.9493342944369064
21553.0,1.0,n/a,1.0,1.20649145625,0.6612642784810128,0.8543949899351375,0.8316777804270321,0.9991717162910329,0.7842223087399178,0.7864699526136101,0.8870070215337115,0.8410183986951282,0.8129141099360505,77.12458527310969,56.73454317400071,1.35939378301812,1.0247079103619996,1.0055544914767285,0.0,0.0,0.0,0.8564116517991749,0.8222214338057948,0.987567842605156
21553.0,2.0,n/a,1.0,0.9195135385,0.5083373455696203,0.8600614053720046,0.8342413317079111,0.968387180936644,0.8057600161842726,0.8074216096390402,0.8373576878165466,0.7745595290669575,0.6747343024306541,77.5653121710055,64.12858717883644,1.209527849953997,0.039984006397441,0.039984006397441,0.0,0.0,0.0,0.8650457974653505,0.8294331192810938,0.9582810379918588
21554.0,1.0,n/a,1.0,0.4579578595324999,0.2561974215189873,0.8786249203314213,0.856766107552467,0.9761894224385926,0.4784065645567015,0.4772309542440563,0.6026383298773967,0.5224800638670472,0.5544425207150585,68.17883770537065,56.932829274725584,1.1975311709238654,1.1091652072387623,1.1675423234092237,0.0,0.0,0.0,0.8684960695672205,0.8337468915684302,0.9591884328358208
21560.0,2.0,VARIANTEffectiveEchoSpacingRepetitionTimeTotalReadoutTime,1.0,0.8939868874999999,0.3864032658227848,0.7395306798781508,0.6897497642170203,0.9252031158388476,0.4714501213878768,0.4761086690206108,0.5365733054864306,0.5827394634358823,0.5024584339098194,33.196411209267104,36.224779152762295,0.9164006513131698,4.413135812700715,4.340619496529576,3.1078421216202217,0.0,0.0,0.7148310232845184,0.6340092319832494,0.8619360583446405
21567.0,1.0,n/a,1.0,1.5118663013750002,0.8283961151898734,0.8282253817798841,0.7917843702798661,0.9479648009000684,0.806317138623893,0.811638702684819,0.8323268622139753,0.7758326099216565,0.7120021793027568,60.95079264480271,42.6062564547596,1.4305596810534575,0.0,0.0185597624350408,0.0,0.0,0.0,0.8232731550436869,0.7746549572362973,0.919907564450475
21580.0,1.0,n/a,1.0,2.0782086381250005,1.1341875063291136,0.3700215027553126,0.2581080672391581,0.9712092130518234,0.6732490516799964,0.669283306377891,0.7352346782537098,0.6703719432009279,0.6225783332085103,52.44270344013962,56.051219985317495,0.9356210882453028,0.2651978784169727,0.2753977968176255,0.0,0.0,0.0,0.5239540460255538,0.3978877245078842,0.9311270352781548
21580.0,2.0,VARIANTEffectiveEchoSpacingRepetitionTimeTotalReadoutTime,1.0,0.689449799625,0.3719017455696202,0.8424271347013804,0.8056440449271064,0.9322458240425616,0.7958670063582783,0.7966112795923272,0.8263613116349269,0.7934452688186768,0.7425524344040779,45.83993329590356,33.54998762900302,1.366317442581595,0.3228057930553132,0.3053568312685395,0.16576513697435,0.0,0.0,0.8371392340262567,0.7912625037298979,0.908331919945726
21623.0,1.0,n/a,1.0,0.358016569725,0.2046654417721519,0.5792058660763697,0.4752767441499026,0.9077406764960972,0.6698625862029248,0.6682256133321459,0.7763713201419892,0.6920400620379912,0.5776249632262795,64.53103122222757,48.08524529983081,1.3420131439457297,0.3627232142857143,0.3813244047619047,0.0093005952380952,0.0,0.0,0.6392296018012863,0.5395633208630762,0.8715357869742199
21623.0,2.0,VARIANTEffectiveEchoSpacingRepetitionTimeTotalReadoutTime,1.0,0.7616968546874999,0.3879064810126582,0.7210820895522388,0.6584089918579221,0.95079950799508,0.8043949251411384,0.8051904912054167,0.8281015262978305,0.7772758665090946,0.610085332370888,89.24432276983721,74.30437023729922,1.201064250794746,0.0,0.0,0.0,0.0,0.0,0.712277478461653,0.6372178775498012,0.9123261533242876
21712.0,1.0,n/a,1.0,0.2891924477499999,0.1641320658227847,0.8593376445228297,0.8382213045125989,0.9956859361518552,0.8732140480707324,0.8744913067353149,0.8958762749398981,0.85614765098492,0.7833468216750198,68.60760606043728,50.585388236791104,1.3562731937389478,0.0395569620253164,0.0296677215189873,0.0098892405063291,0.0,0.0,0.8626767183381564,0.8303344419868743,0.9922574626865672
21712.0,2.0,n/a,1.0,0.28216201347,0.1712193962025316,0.8389006680801696,0.8174225907528461,0.9950650090158488,0.8420752101446976,0.8412043372076602,0.875944844920894,0.8394587678043354,0.7653950932745396,93.5597095793993,70.49950040559916,1.3270974835442757,0.0949367088607594,0.0843881856540084,0.0210970464135021,0.0,0.0,0.8319838928486832,0.7924068801083761,0.9829503052917232
21713.0,1.0,n/a,1.0,0.66886704405,0.4046412873417721,0.8498289096457967,0.8266663405472889,1.0,0.8548083057643173,0.8537361794627996,0.8745551428394273,0.8319642703491072,0.7336544448897111,81.09681707647236,59.75630340900288,1.3571257331867408,0.0098193244304791,0.0098193244304791,0.0,0.0,0.0,0.8409826308100211,0.8039390219905884,0.9885218792401628
21713.0,2.0,n/a,1.0,0.3109262549999999,0.1775319721518987,0.8173757571334744,0.7893299351373458,0.9863936591809777,0.8291326024632647,0.8284778417300062,0.8517463061779226,0.7940119370985914,0.6823427376925901,84.61726499342407,66.23943902319225,1.27744537455695,0.0,0.0,0.0,0.0,0.0,0.8127851243399378,0.7654354961677755,0.9545072930800542
21797.0,1.0,n/a,1.0,0.1683523053374999,0.0931646139240506,0.8572158039190656,0.8221855655520002,0.9666390758268256,0.7772658337004331,0.7770125203497902,0.8078268375807399,0.7451005115382744,0.6250765933099006,63.01405019923594,54.83188923824199,1.1492226708702822,0.068598868118676,0.0771737266335105,0.017149717029669,0.0,0.0,0.8599867311299891,0.8230558358328782,0.9563560040705564
21827.0,1.0,VARIANTEffectiveEchoSpacingRepetitionTimeTotalReadoutTime,1.0,0.4232536968624999,0.2602716430379747,0.8762374518045086,0.846354666569894,0.9543734866828087,0.7688338488518949,0.7657580787682282,0.8064118291857878,0.735559062489078,0.6275608868218996,69.47628196873829,56.6612639289289,1.2261689406696514,0.1532019201307323,0.1532019201307323,0.0,0.0,0.0,0.8798567464082608,0.8466113912758598,0.9417104816824966
21855.0,1.0,n/a,1.0,1.450845035,0.8850592151898735,0.8674154225448568,0.8401259004079404,0.9858727378867485,0.8220277824169918,0.8178583945751322,0.8420573897349749,0.7907083004169064,0.705760078240805,72.2754788632489,50.8875144031371,1.4202988633061098,0.0,0.0089261804873694,0.0,0.0,0.0,0.8653674283351341,0.8302382491477236,0.962767130257802
21855.0,2.0,n/a,1.0,0.2486148135799999,0.1375439075949367,0.7900301614132776,0.7455108839353135,0.9413158518284496,0.4317061407979509,0.4299547895214394,0.4519546766719676,0.3942502237607823,0.2570062266596752,27.68288386094236,23.68920198751449,1.1685865938216389,0.0299222022740873,0.0299222022740873,0.0199481348493915,0.0,0.0,0.7834459115193688,0.7247157890020784,0.9127756105834464
21856.0,1.0,VARIANTEffectiveEchoSpacingRepetitionTimeTotalReadoutTime,1.0,0.2844637375,0.1415262189873417,0.8364543521020901,0.7944876053419822,0.9410261945883708,0.7631359933101296,0.7628046890801928,0.8055945580671852,0.7408263530572824,0.6104524811224638,75.2568099861446,56.643800503470366,1.3285974690475415,0.0975004431838326,0.0886367665307569,0.0,0.0,0.0,0.8288911885324441,0.7814338651073637,0.917003052917232
22045.0,1.0,VARIANTEffectiveEchoSpacingRepetitionTimeTotalReadoutTime,1.0,1.5874821033750002,0.9700747746835442,0.8096221719824992,0.7675080346955279,0.9516690245860896,0.775561419323707,0.7737256292025977,0.8023230562568914,0.7299422249424226,0.6283611066579329,80.9565100197132,66.15742278272839,1.2236950385081868,0.0,0.0,0.0,0.0,0.0,0.799770309989491,0.7457130328442004,0.9212771370420624
22045.0,2.0,VARIANTEffectiveEchoSpacingRepetitionTimeTotalReadoutTime,1.0,1.159518294375,0.6934431303797469,0.8466845040456465,0.8161054214644248,0.9954519613416714,0.8197427775765378,0.8142702337536648,0.847416692073317,0.7970950502133443,0.6972370204789288,81.9940339008942,58.33837502233629,1.405490534652375,0.0,0.0343200343200343,0.0,0.0,0.0,0.8471233078281342,0.8096375781383297,0.9764331750339214
22064.0,1.0,VARIANTEffectiveEchoSpacingRepetitionTimeTotalReadoutTime,1.0,0.3938331764899999,0.2046631392405062,0.8065763631577881,0.7806002260465466,0.9731287863982804,0.8033366095194872,0.8045075849770006,0.8344657734026993,0.7667855192790284,0.5958554748137244,91.65308671716068,72.8318150291278,1.258421016701364,0.0786693639020004,0.0786693639020004,0.0224769611148572,0.0,0.0,0.8173217442073654,0.773515572717894,0.9734650610583446
22064.0,2.0,VARIANTEffectiveEchoSpacingRepetitionTimeTotalReadoutTime,1.0,0.394805194025,0.2033941012658228,0.792055978596419,0.7607056734849856,0.9420374993880648,0.8073836752749474,0.8065633667851357,0.8215802718715802,0.7534099572590411,0.6004938584693598,78.31151505299428,74.13005009151581,1.0564071514361089,0.0,0.0,0.0,0.0,0.0,0.8074409976667936,0.7582168412086555,0.948655868385346
22473.0,1.0,n/a,1.0,0.38208081275,0.2019682240506329,0.8674710910005028,0.8393464669938638,0.9863937800137206,0.8355116670329346,0.8328364318018835,0.8659704379544092,0.8219429233795964,0.7204641829834895,64.0212450885897,42.840146203357705,1.494421722668441,0.0097257342929391,0.0097257342929391,0.0,0.0,0.0,0.8575775307197191,0.8193417938757125,0.9476933514246948
22473.0,2.0,n/a,1.0,0.34022846085,0.1754275430379746,0.8651625922127758,0.8367452800339391,0.9897816296408432,0.8372099147250003,0.8374427383325702,0.8616218737053553,0.8044782098143556,0.6794491749082787,72.79769740522991,52.18790967396719,1.3949149881652276,0.0,0.0,0.0,0.0,0.0,0.8470461868958109,0.8068920323474397,0.9529808344640436
22510.0,1.0,n/a,1.0,0.348353075625,0.2064083531645569,0.5424597364568082,0.577904852922283,0.997979797979798,0.0,0.0,0.0,0.0,0.0,15.057965765358317,34.41513331603854,0.4375390798890448,0.0272182906913445,0.0272182906913445,0.0,0.0,0.0,0.5170210892994127,0.5431672788388427,0.9998783987548032
22520.0,1.0,n/a,1.0,1.02439589275,0.5844114974683545,0.801555287561858,0.7761088796298842,0.969957729468599,0.798502691014188,0.8042494885221508,0.8478096581448692,0.7845206430250514,0.6640252406867823,59.54304949141807,43.12082316975376,1.3808421341358657,0.039925472451424,0.0266169816342826,0.0133084908171413,0.0,0.0,0.7993407074060179,0.7490199151188033,0.9531165196743556
22617.0,1.0,n/a,1.0,0.4577813602000001,0.2613982113924051,0.8626217175800611,0.8362733172463143,0.987961993719301,0.8283990362498074,0.8288695252805582,0.8522983816520111,0.7988029584151953,0.6825263748345013,76.11641988310735,51.65306751789246,1.4736088976078887,0.0,0.0,0.0,0.0,0.0,0.8590434016799787,0.8216280254695882,0.9533454884667572
22618.0,2.0,n/a,1.0,0.8124534463749999,0.4894465417721519,0.7912121963311849,0.7447789562478675,0.954863318499682,0.7892567497787097,0.7853546793648826,0.8350061509595638,0.7826637254808745,0.7134148611831493,64.53562700254761,48.00353591102625,1.3443931947463896,0.1124567474048443,0.1124567474048443,0.0,0.0,0.0,0.7939243932406204,0.7414039356953226,0.945259497964722
22653.0,1.0,n/a,1.0,0.5713795874375001,0.3274621126582278,0.8757011655986766,0.8504002918911322,0.963916446900247,0.8133934978072378,0.8133110494351182,0.8363610809666164,0.769705167316918,0.6882772886861339,77.4687509486865,64.08751736592367,1.2087962544462338,0.0358358717075792,0.0358358717075792,0.0089589679268948,0.0,0.0,0.8779351788462326,0.844994311308974,0.9542910447761194
22654.0,1.0,n/a,1.0,0.2028742481874999,0.108096946835443,0.8271070308139423,0.7952115452573203,0.9476074972436604,0.7086633072232408,0.7121796718982698,0.7787493783275327,0.714847586361016,0.6557996722585807,18.98602717424776,14.749320800382804,1.2872475574437976,0.7432057681641708,0.6655574043261231,0.1663893510815307,0.0,0.0,0.8106617578698797,0.7594334093670267,0.9243173337856174
22654.0,2.0,n/a,1.0,0.1938928192224999,0.1019755139240506,0.8727369542066028,0.8473304433559712,0.9427458961992832,0.791719477234658,0.7925771512075057,0.8145478542028581,0.7597871985947457,0.6513376298037002,58.05394680238501,51.32020216114792,1.1312104075524256,0.0213106020245071,0.0426212040490143,0.0,0.0,0.0,0.8583509929735292,0.8187800791790504,0.9248473541383988
22670.0,1.0,n/a,1.0,0.63299787175,0.3279068607594937,0.831793204223178,0.8037554744583093,0.9509647058823528,0.8157778125290097,0.8165819089375552,0.8334439254836044,0.773068458114203,0.6346509288216315,65.85302314842055,56.54388938969839,1.1646355399177433,0.0,0.0,0.0,0.0,0.0,0.8266938336672819,0.7799544115881222,0.9324457259158752
22744.0,1.0,n/a,1.0,0.1671938235624999,0.0880241215189873,0.8685520274701957,0.8426470702247908,0.9615581752947208,0.8028040594300164,0.8057093722694977,0.8317249385711794,0.7628301444110414,0.6631412777411154,64.17523278571792,54.07173189937532,1.1868536577512387,0.054229934924078,0.054229934924078,0.0,0.0,0.0,0.8717766323825517,0.8371328753879897,0.9509625169606511
22745.0,1.0,VARIANTEffectiveEchoSpacingRepetitionTimeTotalReadoutTime,1.0,2.79745065125,1.5137338481012657,0.7969492499957722,0.7555228398078085,0.9473324488401076,0.755568985668488,0.7747969205911276,0.8137663515558946,0.7665184869225556,0.7367934392016642,66.97261907330923,49.888369444068594,1.342449549256051,0.5564677978471082,0.5291005291005291,0.0091224229155263,0.0,0.0,0.7840642481668914,0.7258319408118866,0.9161041383989144
22797.0,1.0,n/a,1.0,0.6016996114750001,0.3565719607594937,0.8670960299913486,0.8400908765819651,0.955105671085511,0.8219373776021187,0.8222139620686746,0.8457444773721182,0.7909505898738125,0.6705847939030458,63.78433190883415,48.51360726827287,1.3147719887353766,0.021308331557639,0.0319624973364585,0.0,0.0,0.0,0.8540128059286852,0.813162531433683,0.9215527476255088
23303.0,1.0,VARIANTEffectiveEchoSpacingRepetitionTimeTotalReadoutTime,1.0,0.5392763642625,0.2834203417721518,0.8840960161286935,0.8613789171037941,0.9473850031505986,0.7312202446314627,0.7367549162848291,0.7823766264135856,0.7152967091570155,0.5762830029791937,80.03319333858704,66.12205436648152,1.2103857647102587,0.6880189798339265,0.6998813760379596,0.3558718861209964,0.0,0.0,0.8745615927266336,0.8393506895206717,0.928324287652646
23676.0,1.0,n/a,1.0,0.1662591753674999,0.0857634037974683,0.8564226135310473,0.8331658413524229,0.9965490466741436,0.8572163060766468,0.8744322472107491,0.8974426047837044,0.8591284185429177,0.73839821940394,48.01387320808994,33.18753382550948,1.4467442341613297,0.2183908045977011,0.0804597701149425,0.0,0.0,0.0,0.8580419878683582,0.8233354732749972,0.9809616689280868
23698.0,1.0,VARIANTEffectiveEchoSpacingRepetitionTimeTotalReadoutTime,1.0,0.555215366,0.2743791265822785,0.5826590592259381,0.5245042841291544,0.9295212765957448,0.7991351327085459,0.799113411775025,0.8204532253949633,0.7583425519780027,0.5972619123427191,74.71745995280081,52.27021161085506,1.4294462878601408,0.0391440501043841,0.0391440501043841,0.0,0.0,0.0,0.6286021178557043,0.5314560741431761,0.903243724559023
