parcel	value	map	abs_value
Parcel_221	-7.890773	EF	7.890773
Parcel_012	-7.779504	EF	7.779504
Parcel_213	-7.7341423	EF	7.7341423
Parcel_015	-7.6602416	EF	7.6602416
Parcel_192	-7.4429	EF	7.4429
Parcel_208	-7.3342214	EF	7.3342214
Parcel_191	-7.000085	EF	7.000085
Parcel_215	-6.929257	EF	6.929257
Parcel_196	-6.843877	EF	6.843877
Parcel_009	-6.7734904	EF	6.7734904
Parcel_190	-6.7715445	EF	6.7715445
Parcel_168	-6.594746	EF	6.594746
Parcel_395	-6.5605083	EF	6.5605083
Parcel_278	6.2790823	EF	6.2790823
Parcel_355	6.125902	EF	6.125902
Parcel_148	6.0430512	EF	6.0430512
Parcel_019	-5.9761405	EF	5.9761405
Parcel_095	-5.9759035	EF	5.9759035
Parcel_244	-5.936943	EF	5.936943
Parcel_042	-5.9360714	EF	5.9360714
Parcel_173	-5.9085217	EF	5.9085217
Parcel_392	-5.8452644	EF	5.8452644
Parcel_298	-5.8427544	EF	5.8427544
Parcel_243	-5.7918854	EF	5.7918854
Parcel_087	5.744437	EF	5.744437
Parcel_281	5.733946	EF	5.733946
Parcel_336	5.7308297	EF	5.7308297
Parcel_291	5.730353	EF	5.730353
Parcel_197	-5.6790676	EF	5.6790676
Parcel_297	-5.6668367	EF	5.6668367
Parcel_241	-5.618137	EF	5.618137
Parcel_020	-5.6170077	EF	5.6170077
Parcel_198	-5.599509	EF	5.599509
Parcel_393	-5.5891857	EF	5.5891857
Parcel_109	-5.5747952	EF	5.5747952
Parcel_092	-5.556799	EF	5.556799
Parcel_195	-5.486947	EF	5.486947
Parcel_039	-5.4343634	EF	5.4343634
Parcel_218	-5.3970814	EF	5.3970814
Parcel_131	5.3660154	EF	5.3660154
Parcel_094	-5.2720037	EF	5.2720037
Parcel_108	-5.268234	EF	5.268234
Parcel_194	-5.234256	EF	5.234256
Parcel_193	-5.2330728	EF	5.2330728
Parcel_041	-5.21507	EF	5.21507
Parcel_398	-5.212591	EF	5.212591
Parcel_316	-5.206098	EF	5.206098
Parcel_111	-5.2048225	EF	5.2048225
Parcel_361	5.1920524	EF	5.1920524
Parcel_169	-5.1907783	EF	5.1907783
Parcel_397	-5.156944	EF	5.156944
Parcel_152	-5.1343756	EF	5.1343756
Parcel_049	-5.1061435	EF	5.1061435
Parcel_077	5.0777044	EF	5.0777044
Parcel_394	-5.0658336	EF	5.0658336
Parcel_335	5.0484023	EF	5.0484023
Parcel_018	-5.036859	EF	5.036859
Parcel_399	-4.97771	EF	4.97771
Parcel_046	-4.9718976	EF	4.9718976
Parcel_006	-4.9263997	EF	4.9263997
Parcel_100	-4.9058566	EF	4.9058566
Parcel_204	-4.863952	EF	4.863952
Parcel_053	-4.861911	EF	4.861911
Parcel_239	-4.8033366	EF	4.8033366
Parcel_250	-4.7872124	EF	4.7872124
Parcel_132	4.782678	EF	4.782678
Parcel_104	-4.754514	EF	4.754514
Parcel_051	-4.751719	EF	4.751719
Parcel_242	-4.7513895	EF	4.7513895
Parcel_370	-4.744244	EF	4.744244
Parcel_162	-4.7146626	EF	4.7146626
Parcel_234	-4.714007	EF	4.714007
Parcel_223	-4.6988773	EF	4.6988773
Parcel_035	-4.6922398	EF	4.6922398
Parcel_246	-4.688334	EF	4.688334
Parcel_304	-4.6824927	EF	4.6824927
Parcel_093	-4.67893	EF	4.67893
Parcel_025	-4.6787863	EF	4.6787863
Parcel_054	-4.613127	EF	4.613127
Parcel_048	-4.6082835	EF	4.6082835
Parcel_052	-4.5931935	EF	4.5931935
Parcel_059	-4.5901947	EF	4.5901947
Parcel_251	-4.5735292	EF	4.5735292
Parcel_313	-4.569371	EF	4.569371
Parcel_062	-4.565412	EF	4.565412
Parcel_285	4.5428777	EF	4.5428777
Parcel_024	-4.522621	EF	4.522621
Parcel_210	-4.5110893	EF	4.5110893
Parcel_379	-4.5075884	EF	4.5075884
Parcel_293	4.5047016	EF	4.5047016
Parcel_098	-4.465911	EF	4.465911
Parcel_235	-4.465701	EF	4.465701
Parcel_057	-4.4466867	EF	4.4466867
Parcel_130	4.443057	EF	4.443057
Parcel_044	-4.4182897	EF	4.4182897
Parcel_248	-4.414995	EF	4.414995
Parcel_226	-4.3979254	EF	4.3979254
Parcel_026	-4.359656	EF	4.359656
Parcel_240	-4.3582315	EF	4.3582315
Parcel_225	-4.333936	EF	4.333936
Parcel_034	-4.3337374	EF	4.3337374
Parcel_254	-4.317325	EF	4.317325
Parcel_067	-4.3172226	EF	4.3172226
Parcel_036	-4.3080096	EF	4.3080096
Parcel_055	-4.280875	EF	4.280875
Parcel_040	-4.279472	EF	4.279472
Parcel_179	-4.258067	EF	4.258067
Parcel_217	-4.247194	EF	4.247194
Parcel_302	-4.2199564	EF	4.2199564
Parcel_174	-4.1894364	EF	4.1894364
Parcel_252	-4.1750216	EF	4.1750216
Parcel_380	-4.1534014	EF	4.1534014
Parcel_312	-4.1161346	EF	4.1161346
Parcel_385	-4.1138606	EF	4.1138606
Parcel_299	-4.1105013	EF	4.1105013
Parcel_307	-4.0684824	EF	4.0684824
Parcel_160	-4.0599537	EF	4.0599537
Parcel_050	-4.051389	EF	4.051389
Parcel_249	-4.03712	EF	4.03712
Parcel_282	4.0159245	EF	4.0159245
Parcel_066	-4.012955	EF	4.012955
Parcel_374	-3.9875546	EF	3.9875546
Parcel_102	-3.9868345	EF	3.9868345
Parcel_206	-3.983305	EF	3.983305
Parcel_264	-3.9674232	EF	3.9674232
Parcel_156	-3.963186	EF	3.963186
Parcel_265	-3.9431713	EF	3.9431713
Parcel_038	-3.9389076	EF	3.9389076
Parcel_333	3.934921	EF	3.934921
Parcel_149	-3.921053	EF	3.921053
Parcel_236	-3.911669	EF	3.911669
Parcel_167	-3.8740559	EF	3.8740559
Parcel_141	3.857924	EF	3.857924
Parcel_324	-3.8553388	EF	3.8553388
Parcel_233	-3.8520827	EF	3.8520827
Parcel_238	-3.850689	EF	3.850689
Parcel_032	-3.8420236	EF	3.8420236
Parcel_045	-3.838771	EF	3.838771
Parcel_060	-3.8273165	EF	3.8273165
Parcel_382	-3.816586	EF	3.816586
Parcel_085	-3.810943	EF	3.810943
Parcel_072	-3.8014216	EF	3.8014216
Parcel_158	-3.7791348	EF	3.7791348
Parcel_140	3.7756314	EF	3.7756314
Parcel_096	-3.7706048	EF	3.7706048
Parcel_078	3.7695253	EF	3.7695253
Parcel_367	-3.7694046	EF	3.7694046
Parcel_043	-3.7621052	EF	3.7621052
Parcel_058	-3.747022	EF	3.747022
Parcel_014	-3.7469256	EF	3.7469256
Parcel_256	-3.7418714	EF	3.7418714
Parcel_354	3.7267373	EF	3.7267373
Parcel_237	-3.7161944	EF	3.7161944
Parcel_373	-3.6997817	EF	3.6997817
Parcel_216	-3.6844838	EF	3.6844838
Parcel_294	-3.6829002	EF	3.6829002
Parcel_349	3.676082	EF	3.676082
Parcel_099	3.6747456	EF	3.6747456
Parcel_351	3.6259265	EF	3.6259265
Parcel_284	3.6223423	EF	3.6223423
Parcel_155	-3.592822	EF	3.592822
Parcel_255	-3.5909767	EF	3.5909767
Parcel_170	-3.584529	EF	3.584529
Parcel_224	-3.5669825	EF	3.5669825
Parcel_381	-3.5620785	EF	3.5620785
Parcel_306	3.5566726	EF	3.5566726
Parcel_263	-3.5528474	EF	3.5528474
Parcel_127	3.5308757	EF	3.5308757
Parcel_037	-3.517234	EF	3.517234
Parcel_016	-3.470446	EF	3.470446
Parcel_337	3.4629965	EF	3.4629965
Parcel_232	-3.4553483	EF	3.4553483
Parcel_296	-3.4515944	EF	3.4515944
Parcel_033	-3.4442036	EF	3.4442036
Parcel_138	3.4429235	EF	3.4429235
Parcel_273	-3.4400492	EF	3.4400492
Parcel_159	-3.4379213	EF	3.4379213
Parcel_211	-3.4239805	EF	3.4239805
Parcel_056	-3.423923	EF	3.423923
Parcel_153	-3.4111564	EF	3.4111564
Parcel_124	-3.4111195	EF	3.4111195
Parcel_157	-3.3992586	EF	3.3992586
Parcel_222	-3.3890579	EF	3.3890579
Parcel_305	-3.3812923	EF	3.3812923
Parcel_295	-3.370246	EF	3.370246
Parcel_011	-3.3506227	EF	3.3506227
Parcel_247	-3.3407903	EF	3.3407903
Parcel_386	-3.326119	EF	3.326119
Parcel_112	-3.319261	EF	3.319261
Parcel_257	-3.3118737	EF	3.3118737
Parcel_259	-3.3060944	EF	3.3060944
Parcel_013	-3.3032775	EF	3.3032775
Parcel_375	-3.2871823	EF	3.2871823
Parcel_184	-3.281743	EF	3.281743
Parcel_007	-3.2782152	EF	3.2782152
Parcel_030	-3.2730734	EF	3.2730734
Parcel_147	-3.272708	EF	3.272708
Parcel_075	3.2580075	EF	3.2580075
Parcel_091	3.2491183	EF	3.2491183
Parcel_280	3.2403681	EF	3.2403681
Parcel_314	3.2369928	EF	3.2369928
Parcel_084	-3.2321472	EF	3.2321472
Parcel_372	-3.2306974	EF	3.2306974
Parcel_231	-3.2287169	EF	3.2287169
Parcel_183	-3.2199821	EF	3.2199821
Parcel_219	-3.219446	EF	3.219446
Parcel_369	-3.2112062	EF	3.2112062
Parcel_005	-3.208637	EF	3.208637
Parcel_308	-3.204357	EF	3.204357
Parcel_161	-3.185376	EF	3.185376
Parcel_315	-3.164543	EF	3.164543
Parcel_171	3.1640906	EF	3.1640906
Parcel_363	-3.1558397	EF	3.1558397
Parcel_345	3.1535509	EF	3.1535509
Parcel_063	-3.152961	EF	3.152961
Parcel_262	-3.128297	EF	3.128297
Parcel_228	-3.116335	EF	3.116335
Parcel_163	-3.085663	EF	3.085663
Parcel_137	3.0748065	EF	3.0748065
Parcel_128	-3.0706153	EF	3.0706153
Parcel_069	-3.0488427	EF	3.0488427
Parcel_260	-3.0270984	EF	3.0270984
Parcel_117	-3.0229502	EF	3.0229502
Parcel_229	-2.9745498	EF	2.9745498
Parcel_097	-2.9577262	EF	2.9577262
Parcel_189	2.9454925	EF	2.9454925
Parcel_081	2.937881	EF	2.937881
Parcel_178	-2.9360983	EF	2.9360983
Parcel_267	-2.919586	EF	2.919586
Parcel_027	-2.9159987	EF	2.9159987
Parcel_021	-2.9100688	EF	2.9100688
Parcel_089	2.8865824	EF	2.8865824
Parcel_289	-2.8817987	EF	2.8817987
Parcel_377	-2.8805244	EF	2.8805244
Parcel_360	2.8784225	EF	2.8784225
Parcel_358	-2.8715332	EF	2.8715332
Parcel_253	-2.8247716	EF	2.8247716
Parcel_029	-2.8223674	EF	2.8223674
Parcel_383	-2.8153	EF	2.8153
Parcel_389	-2.7930043	EF	2.7930043
Parcel_200	-2.781955	EF	2.781955
Parcel_270	-2.779983	EF	2.779983
Parcel_275	2.7702053	EF	2.7702053
Parcel_205	-2.765178	EF	2.765178
Parcel_073	2.7539637	EF	2.7539637
Parcel_023	-2.7377584	EF	2.7377584
Parcel_047	-2.7341151	EF	2.7341151
Parcel_101	2.7301688	EF	2.7301688
Parcel_258	-2.6728685	EF	2.6728685
Parcel_334	2.6577935	EF	2.6577935
Parcel_004	-2.6418738	EF	2.6418738
Parcel_368	-2.6143095	EF	2.6143095
Parcel_068	-2.6114311	EF	2.6114311
Parcel_145	2.6088128	EF	2.6088128
Parcel_154	-2.6064076	EF	2.6064076
Parcel_002	-2.592548	EF	2.592548
Parcel_125	-2.5745351	EF	2.5745351
Parcel_166	-2.569818	EF	2.569818
Parcel_214	-2.560107	EF	2.560107
Parcel_364	-2.5318794	EF	2.5318794
Parcel_133	-2.5292497	EF	2.5292497
Parcel_185	2.4974444	EF	2.4974444
Parcel_010	-2.49716	EF	2.49716
Parcel_356	-2.4914124	EF	2.4914124
Parcel_220	-2.4594169	EF	2.4594169
Parcel_064	-2.4451334	EF	2.4451334
Parcel_202	-2.4427507	EF	2.4427507
Parcel_340	2.4128604	EF	2.4128604
Parcel_288	2.4008589	EF	2.4008589
Parcel_323	-2.390177	EF	2.390177
Parcel_203	-2.3824682	EF	2.3824682
Parcel_357	2.3748336	EF	2.3748336
Parcel_329	-2.353517	EF	2.353517
Parcel_212	-2.3490145	EF	2.3490145
Parcel_362	-2.3461077	EF	2.3461077
Parcel_346	2.3394556	EF	2.3394556
Parcel_080	2.3053608	EF	2.3053608
Parcel_371	-2.2991722	EF	2.2991722
Parcel_017	-2.289648	EF	2.289648
Parcel_088	2.278624	EF	2.278624
Parcel_139	2.2624426	EF	2.2624426
Parcel_396	-2.245098	EF	2.245098
Parcel_176	-2.2230687	EF	2.2230687
Parcel_065	-2.2136085	EF	2.2136085
Parcel_269	-2.212784	EF	2.212784
Parcel_076	-2.1823697	EF	2.1823697
Parcel_126	-2.169602	EF	2.169602
Parcel_022	-2.1278405	EF	2.1278405
Parcel_350	2.1118248	EF	2.1118248
Parcel_207	-2.101355	EF	2.101355
Parcel_003	-2.0968072	EF	2.0968072
Parcel_120	-2.0957088	EF	2.0957088
Parcel_352	2.0836904	EF	2.0836904
Parcel_384	-2.0444703	EF	2.0444703
Parcel_320	-2.0405262	EF	2.0405262
Parcel_268	-2.0061505	EF	2.0061505
Parcel_186	2.0031104	EF	2.0031104
Parcel_376	-1.9962856	EF	1.9962856
Parcel_164	-1.968816	EF	1.968816
Parcel_150	-1.9620657	EF	1.9620657
Parcel_310	1.9395117	EF	1.9395117
Parcel_090	1.9169122	EF	1.9169122
Parcel_172	-1.880625	EF	1.880625
Parcel_227	-1.8747381	EF	1.8747381
Parcel_343	1.8706658	EF	1.8706658
Parcel_331	-1.8524942	EF	1.8524942
Parcel_317	-1.8356946	EF	1.8356946
Parcel_327	-1.8244289	EF	1.8244289
Parcel_400	-1.8050063	EF	1.8050063
Parcel_272	-1.8036464	EF	1.8036464
Parcel_142	1.8034077	EF	1.8034077
Parcel_071	-1.7912731	EF	1.7912731
Parcel_366	-1.7872669	EF	1.7872669
Parcel_115	-1.7831357	EF	1.7831357
Parcel_114	-1.730109	EF	1.730109
Parcel_113	-1.7157732	EF	1.7157732
Parcel_303	-1.6918828	EF	1.6918828
Parcel_353	1.6509384	EF	1.6509384
Parcel_181	-1.6343788	EF	1.6343788
Parcel_116	-1.578157	EF	1.578157
Parcel_326	-1.5280567	EF	1.5280567
Parcel_390	1.5188665	EF	1.5188665
Parcel_301	1.4800305	EF	1.4800305
Parcel_070	-1.4781272	EF	1.4781272
Parcel_180	-1.4714816	EF	1.4714816
Parcel_119	-1.4645091	EF	1.4645091
Parcel_286	1.4215348	EF	1.4215348
Parcel_083	-1.3945198	EF	1.3945198
Parcel_330	-1.393194	EF	1.393194
Parcel_118	-1.3794881	EF	1.3794881
Parcel_151	-1.3182214	EF	1.3182214
Parcel_122	-1.3101019	EF	1.3101019
Parcel_209	-1.3049309	EF	1.3049309
Parcel_290	1.3036906	EF	1.3036906
Parcel_201	-1.3030103	EF	1.3030103
Parcel_136	1.2948098	EF	1.2948098
Parcel_199	1.289654	EF	1.289654
Parcel_292	1.2769885	EF	1.2769885
Parcel_321	-1.2692778	EF	1.2692778
Parcel_271	-1.2572709	EF	1.2572709
Parcel_311	1.2490698	EF	1.2490698
Parcel_319	-1.2268478	EF	1.2268478
Parcel_245	-1.2128962	EF	1.2128962
Parcel_274	-1.204438	EF	1.204438
Parcel_008	-1.1914268	EF	1.1914268
Parcel_318	1.184046	EF	1.184046
Parcel_082	1.1401737	EF	1.1401737
Parcel_061	-1.1191931	EF	1.1191931
Parcel_146	-1.1065135	EF	1.1065135
Parcel_328	-1.1024882	EF	1.1024882
Parcel_391	1.0668033	EF	1.0668033
Parcel_123	-1.0405711	EF	1.0405711
Parcel_322	1.0379848	EF	1.0379848
Parcel_001	-1.0249944	EF	1.0249944
Parcel_103	1.0193719	EF	1.0193719
Parcel_266	-1.0191475	EF	1.0191475
Parcel_365	-0.9922425	EF	0.9922425
Parcel_387	0.97850615	EF	0.97850615
Parcel_344	-0.9704715	EF	0.9704715
Parcel_309	0.96876067	EF	0.96876067
Parcel_134	-0.96023566	EF	0.96023566
Parcel_086	0.9580189	EF	0.9580189
Parcel_283	0.93390274	EF	0.93390274
Parcel_339	-0.91643995	EF	0.91643995
Parcel_182	0.82828283	EF	0.82828283
Parcel_121	-0.817075	EF	0.817075
Parcel_074	-0.7457291	EF	0.7457291
Parcel_187	0.73273706	EF	0.73273706
Parcel_300	-0.69822097	EF	0.69822097
Parcel_031	0.6351097	EF	0.6351097
Parcel_144	0.61220425	EF	0.61220425
Parcel_378	-0.60582554	EF	0.60582554
Parcel_325	-0.60178417	EF	0.60178417
Parcel_230	0.5553655	EF	0.5553655
Parcel_332	0.49650463	EF	0.49650463
Parcel_135	0.4920804	EF	0.4920804
Parcel_359	-0.48727578	EF	0.48727578
Parcel_341	0.48672548	EF	0.48672548
Parcel_110	0.4725517	EF	0.4725517
Parcel_277	0.4698916	EF	0.4698916
Parcel_287	0.4402688	EF	0.4402688
Parcel_028	-0.3910135	EF	0.3910135
Parcel_188	0.3844518	EF	0.3844518
Parcel_129	-0.35349083	EF	0.35349083
Parcel_338	-0.3025121	EF	0.3025121
Parcel_107	0.2826238	EF	0.2826238
Parcel_177	0.2752478	EF	0.2752478
Parcel_347	0.25442258	EF	0.25442258
Parcel_279	-0.23933949	EF	0.23933949
Parcel_079	0.20701943	EF	0.20701943
Parcel_106	0.17125237	EF	0.17125237
Parcel_276	-0.17071714	EF	0.17071714
Parcel_261	-0.16690864	EF	0.16690864
Parcel_342	0.16511767	EF	0.16511767
Parcel_175	-0.16306469	EF	0.16306469
Parcel_105	0.093512915	EF	0.093512915
Parcel_143	-0.08687078	EF	0.08687078
Parcel_348	0.042998247	EF	0.042998247
Parcel_388	0.026648331	EF	0.026648331
Parcel_165	-0.009296048	EF	0.009296048
