"participant_id","session_id","task","run","missing_events_tsv","response_time_all_na","failed_fmri_QC","qc_determination"
19861,1,"nback",1,"pass","pass","pass","pass"
19861,2,"nback",1,"pass","pass","pass","pass"
20139,1,"nback",1,"pass","pass","pass","pass"
20139,2,"nback",1,"pass","pass","pass","pass"
20139,3,"nback",1,"pass","pass","pass","pass"
20141,1,"nback",1,"pass","pass","pass","pass"
20149,1,"nback",1,"pass","fail","pass","fail"
20149,2,"nback",1,"pass","pass","pass","pass"
20149,3,"nback",1,"pass","pass","pass","pass"
20188,1,"nback",1,"pass","pass","pass","pass"
20188,2,"nback",1,"pass","pass","pass","pass"
20188,3,"nback",1,"pass","pass","pass","pass"
20214,1,"nback",1,"pass","pass","pass","pass"
20214,2,"nback",1,"pass","fail","pass","fail"
20214,3,"nback",1,"pass","pass","pass","pass"
20238,1,"nback",1,"pass","pass","pass","pass"
20238,2,"nback",1,"pass","pass","pass","pass"
20252,1,"nback",1,"pass","pass","pass","pass"
20252,2,"nback",1,"pass","pass","pass","pass"
20253,1,"nback",1,"pass","pass","pass","pass"
20253,2,"nback",1,"pass","pass","pass","pass"
20253,3,"nback",1,"pass","pass","pass","pass"
20258,1,"nback",1,"fail","pass","pass","fail"
20258,2,"nback",1,"pass","pass","pass","pass"
20259,1,"nback",1,"pass","pass","pass","pass"
20259,2,"nback",1,"pass","pass","pass","pass"
20259,3,"nback",1,"pass","pass","pass","pass"
20302,1,"nback",1,"pass","pass","pass","pass"
20302,2,"nback",1,"pass","pass","pass","pass"
20303,2,"nback",1,"pass","pass","pass","pass"
20303,3,"nback",1,"pass","pass","pass","pass"
20305,1,"nback",1,"pass","pass","pass","pass"
20305,2,"nback",1,"pass","pass","pass","pass"
20328,1,"nback",1,"pass","pass","pass","pass"
20328,2,"nback",1,"pass","pass","pass","pass"
20336,1,"nback",1,"fail","pass","pass","fail"
20347,1,"nback",1,"pass","pass","pass","pass"
20350,1,"nback",1,"pass","pass","pass","pass"
20352,1,"nback",1,"pass","pass","pass","pass"
20352,2,"nback",1,"fail","pass","pass","fail"
20399,1,"nback",1,"pass","pass","pass","pass"
20399,2,"nback",1,"pass","pass","pass","pass"
20402,1,"nback",1,"pass","pass","pass","pass"
20403,1,"nback",1,"pass","pass","pass","pass"
20410,1,"nback",1,"pass","pass","pass","pass"
20427,1,"nback",1,"pass","pass","pass","pass"
20427,2,"nback",1,"pass","pass","pass","pass"
20463,1,"nback",1,"pass","pass","pass","pass"
20463,2,"nback",1,"pass","pass","pass","pass"
20494,1,"nback",1,"pass","pass","pass","pass"
20494,2,"nback",1,"pass","pass","pass","pass"
20494,3,"nback",1,"pass","pass","pass","pass"
20533,1,"nback",1,"pass","pass","pass","pass"
20533,2,"nback",1,"pass","pass","pass","pass"
20572,1,"nback",1,"pass","pass","pass","pass"
20572,2,"nback",1,"pass","pass","pass","pass"
20626,1,"nback",1,"pass","pass","pass","pass"
20626,2,"nback",1,"pass","pass","pass","pass"
20691,1,"nback",1,"pass","pass","fail","fail"
20691,2,"nback",1,"fail","pass","pass","fail"
20712,1,"nback",1,"pass","pass","pass","pass"
20712,2,"nback",1,"pass","pass","pass","pass"
20712,3,"nback",1,"pass","pass","pass","pass"
20721,1,"nback",1,"pass","pass","pass","pass"
20721,2,"nback",1,"pass","pass","pass","pass"
20721,3,"nback",1,"pass","pass","pass","pass"
20724,1,"nback",1,"pass","pass","pass","pass"
20794,1,"nback",1,"pass","pass","pass","pass"
20818,1,"nback",1,"pass","pass","pass","pass"
20818,2,"nback",1,"pass","pass","pass","pass"
20823,1,"nback",1,"pass","pass","pass","pass"
20823,2,"nback",1,"pass","pass","pass","pass"
20836,1,"nback",1,"pass","pass","pass","pass"
20836,2,"nback",1,"pass","pass","pass","pass"
20842,1,"nback",1,"pass","fail","pass","fail"
20846,1,"nback",1,"pass","pass","pass","pass"
20849,1,"nback",1,"pass","pass","pass","pass"
20855,1,"nback",1,"pass","pass","pass","pass"
20860,1,"nback",1,"fail","pass","pass","fail"
20865,2,"nback",1,"pass","pass","pass","pass"
20866,1,"nback",1,"pass","pass","pass","pass"
20866,2,"nback",1,"pass","pass","pass","pass"
20902,1,"nback",1,"pass","pass","pass","pass"
20902,2,"nback",1,"pass","pass","pass","pass"
20902,3,"nback",1,"pass","pass","pass","pass"
20916,1,"nback",1,"pass","pass","fail","fail"
20916,2,"nback",1,"pass","pass","pass","pass"
20916,3,"nback",1,"pass","pass","pass","pass"
20918,1,"nback",1,"pass","pass","pass","pass"
20919,1,"nback",1,"pass","pass","pass","pass"
20923,1,"nback",1,"pass","pass","fail","fail"
20923,2,"nback",1,"pass","pass","pass","pass"
20934,1,"nback",1,"pass","pass","pass","pass"
20936,2,"nback",1,"pass","pass","pass","pass"
20936,3,"nback",1,"pass","pass","pass","pass"
20953,1,"nback",1,"pass","pass","pass","pass"
20953,2,"nback",1,"pass","pass","fail","fail"
20961,2,"nback",1,"pass","pass","pass","pass"
20966,1,"nback",1,"pass","pass","pass","pass"
20966,2,"nback",1,"pass","pass","pass","pass"
20966,3,"nback",1,"pass","pass","pass","pass"
20968,1,"nback",1,"pass","pass","pass","pass"
20968,2,"nback",1,"pass","pass","pass","pass"
20968,3,"nback",1,"pass","pass","pass","pass"
20976,1,"nback",1,"pass","pass","pass","pass"
20976,2,"nback",1,"pass","pass","pass","pass"
20976,3,"nback",1,"pass","pass","pass","pass"
20983,1,"nback",1,"pass","pass","pass","pass"
20983,2,"nback",1,"pass","pass","pass","pass"
21023,1,"nback",1,"pass","pass","pass","pass"
21023,2,"nback",1,"pass","pass","pass","pass"
21035,1,"nback",1,"pass","pass","pass","pass"
21035,2,"nback",1,"pass","pass","pass","pass"
21038,1,"nback",1,"pass","pass","pass","pass"
21038,2,"nback",1,"pass","pass","pass","pass"
21088,1,"nback",1,"pass","pass","pass","pass"
21095,1,"nback",1,"pass","pass","pass","pass"
21104,1,"nback",1,"pass","pass","pass","pass"
21104,2,"nback",1,"pass","pass","pass","pass"
21112,1,"nback",1,"pass","pass","fail","fail"
21112,2,"nback",1,"pass","fail","pass","fail"
21116,1,"nback",1,"pass","pass","pass","pass"
21118,1,"nback",1,"pass","pass","pass","pass"
21118,2,"nback",1,"pass","pass","pass","pass"
21139,1,"nback",1,"pass","pass","pass","pass"
21139,2,"nback",1,"pass","pass","pass","pass"
21141,1,"nback",1,"pass","pass","pass","pass"
21141,2,"nback",1,"pass","pass","pass","pass"
21146,1,"nback",1,"pass","pass","pass","pass"
21150,1,"nback",1,"pass","pass","pass","pass"
21154,1,"nback",1,"pass","pass","pass","pass"
21154,2,"nback",1,"pass","pass","fail","fail"
21161,2,"nback",1,"pass","pass","pass","pass"
21161,3,"nback",1,"pass","fail","pass","fail"
21193,1,"nback",1,"pass","pass","pass","pass"
21193,2,"nback",1,"pass","pass","pass","pass"
21197,1,"nback",1,"pass","pass","pass","pass"
21224,1,"nback",1,"pass","pass","pass","pass"
21325,1,"nback",1,"pass","pass","pass","pass"
21325,2,"nback",1,"pass","pass","pass","pass"
21345,1,"nback",1,"pass","pass","pass","pass"
21432,1,"nback",1,"pass","pass","pass","pass"
21493,1,"nback",1,"pass","pass","fail","fail"
21493,2,"nback",1,"pass","pass","pass","pass"
21514,1,"nback",1,"pass","pass","pass","pass"
21516,1,"nback",1,"pass","pass","pass","pass"
21516,2,"nback",1,"pass","pass","pass","pass"
21539,1,"nback",1,"pass","pass","pass","pass"
21553,1,"nback",1,"fail","pass","pass","fail"
21553,2,"nback",1,"pass","pass","pass","pass"
21554,1,"nback",1,"pass","pass","pass","pass"
21554,2,"nback",1,"pass","pass","pass","pass"
21560,2,"nback",1,"pass","pass","pass","pass"
21567,1,"nback",1,"pass","pass","pass","pass"
21580,1,"nback",1,"pass","pass","pass","pass"
21580,2,"nback",1,"pass","pass","pass","pass"
21623,1,"nback",1,"pass","pass","pass","pass"
21623,2,"nback",1,"pass","pass","pass","pass"
21712,1,"nback",1,"pass","pass","pass","pass"
21712,2,"nback",1,"pass","pass","pass","pass"
21713,1,"nback",1,"fail","pass","pass","fail"
21713,2,"nback",1,"pass","pass","pass","pass"
21738,1,"nback",1,"pass","pass","pass","pass"
21797,1,"nback",1,"pass","pass","pass","pass"
21827,1,"nback",1,"pass","pass","pass","pass"
21855,1,"nback",1,"pass","pass","pass","pass"
21855,2,"nback",1,"pass","pass","pass","pass"
21856,1,"nback",1,"pass","pass","pass","pass"
22045,1,"nback",1,"pass","fail","pass","fail"
22045,2,"nback",1,"pass","pass","pass","pass"
22064,1,"nback",1,"pass","pass","pass","pass"
22064,2,"nback",1,"pass","pass","pass","pass"
22473,1,"nback",1,"pass","pass","pass","pass"
22473,2,"nback",1,"pass","pass","pass","pass"
22510,1,"nback",1,"pass","pass","pass","pass"
22510,2,"nback",1,"pass","pass","pass","pass"
22617,1,"nback",1,"pass","pass","pass","pass"
22617,2,"nback",1,"fail","pass","pass","fail"
22618,1,"nback",1,"pass","pass","pass","pass"
22618,2,"nback",1,"pass","pass","pass","pass"
22653,1,"nback",1,"pass","pass","fail","fail"
22653,2,"nback",1,"pass","pass","pass","pass"
22654,1,"nback",1,"pass","pass","pass","pass"
22654,2,"nback",1,"pass","pass","pass","pass"
22670,1,"nback",1,"pass","pass","pass","pass"
22744,1,"nback",1,"pass","pass","pass","pass"
22797,1,"nback",1,"pass","pass","pass","pass"
23303,1,"nback",1,"pass","pass","pass","pass"
23582,1,"nback",1,"pass","pass","pass","pass"
23676,1,"nback",1,"pass","pass","pass","pass"
23698,1,"nback",1,"pass","pass","pass","pass"
