participant_id,session_id,QEI,qc_determination
19861,1,0.8378021235399254,pass
19861,2,0.8662958104236045,pass
20139,2,0.7945191895650136,pass
20139,3,0.8437930142971125,pass
20141,1,0.8721220413017828,pass
20149,1,0.6516608556303838,pass
20149,2,0.8221492907013632,pass
20149,3,0.7314718507227346,pass
20188,1,0.8194976820482245,pass
20188,2,0.8170884549250783,pass
20188,3,0.7843909743710329,pass
20212,1,0.781961599,pass
20214,1,0.2274202873085505,fail
20214,2,0.056637704,fail
20214,3,0.7779686688514823,pass
20236,1,0.4783746877925914,fail
20238,1,0.5169887557890579,fail
20238,2,0.8345288025363475,pass
20252,1,0.8496231243418152,pass
20252,2,0.8499431526824163,pass
20253,1,0.7883524320995764,pass
20253,2,0.8077109244857853,pass
20253,3,0.7578032297777233,pass
20258,1,0.7643882814407904,pass
20258,2,0.8589613048549352,pass
20259,1,4.420132990570274e-05,fail
20259,2,0.8105599487760677,pass
20302,1,0.7990818893212472,pass
20302,2,0.8174876295289152,pass
20303,2,0.8412835728791057,pass
20303,3,0.8110343169982719,pass
20305,1,0.4677860333442202,fail
20305,2,0.7923897756166948,pass
20310,1,0.002686904,fail
20310,2,0.811618541,pass
20328,1,0.8195834668796816,pass
20328,2,0.7133761343726169,pass
20333,1,0.7255227860578262,pass
20336,1,0.7898745072560446,pass
20347,1,0.8345074389796227,pass
20350,1,0.3744240089428251,fail
20352,1,0.8663176642523293,pass
20352,2,0.7562784643982877,pass
20399,2,0.7642920788252752,pass
20402,1,0.7773474295674445,pass
20403,1,0.7543731087701112,pass
20410,1,0.7931157573480392,pass
20427,1,0.7921544809080654,pass
20427,2,0.8620717146781369,pass
20463,1,0.057375275,fail
20463,2,0.7999783659245407,pass
20494,2,0.7505281092991932,pass
20494,3,0.819224327,pass
20533,1,0.8343273697728198,pass
20533,2,0.7282321530252945,pass
20572,1,0.8547490819328958,pass
20572,2,0.815143941,pass
20612,1,0.8434996229685049,pass
20626,1,0.763081772,pass
20626,2,0.7331108949605667,pass
20691,2,0.800497527,pass
20712,1,0.5273581126193199,fail
20712,2,0.8237186381669553,pass
20712,3,0.815300718,pass
20721,1,0.2216163219057627,fail
20721,2,0.8397712752899293,pass
20721,3,0.7394804231689894,pass
20724,1,0.6458346295907753,pass
20794,1,0.7928137503933238,pass
20812,2,0.5179837137378293,fail
20812,3,0.5158742064190073,fail
20818,1,0.8046082416165801,pass
20818,2,0.7508522468050645,pass
20823,1,0.8028839577891728,pass
20823,2,0.8469534943936069,pass
20836,1,0.060110894,fail
20836,2,0.8066011124378428,pass
20846,1,0,fail
20855,1,0.7955785731345258,pass
20860,1,0.8183258276940371,pass
20865,2,0.7807294263021985,pass
20866,1,0,fail
20866,2,0.7913568477906273,pass
20902,1,0.6579845175620761,pass
20902,2,0.8469952594474471,pass
20902,3,0.8300665081234977,pass
20916,1,0.4381405164250785,fail
20916,2,0.8233143125713571,pass
20916,3,0.8086064571731231,pass
20919,1,0.2609163362689247,fail
20923,1,7.940501317716686e-07,fail
20923,2,0.8117120677765504,pass
20934,1,0.004557856,fail
20936,2,0.7933730068006201,pass
20936,3,0.8178133622643994,pass
20953,1,0.1845439210293965,fail
20953,2,0.748807183,pass
20964,1,0.8085234267663002,pass
20966,1,0.1680243348028993,fail
20966,2,0.8583172949123984,pass
20966,3,0.8530417789286573,pass
20968,1,0.361887424,fail
20968,2,0.7159714428241788,pass
20968,3,0.7732696700885358,pass
20976,1,0.8430120761435852,pass
20976,2,0.8111115844231845,pass
20976,3,0.7993692203369174,pass
20983,1,0.2229396681707319,fail
20983,2,0.7709522577637983,pass
21023,1,0.8380089299641915,pass
21023,2,0.7926431446703714,pass
21035,1,0.00714959,fail
21035,2,0.834805368,pass
21035,3,0.8101597504622062,pass
21038,1,0.8254662091187982,pass
21038,2,0.8505946041263812,pass
21050,1,0.025621456,fail
21095,1,0.8612400985813584,pass
21104,1,0.8220459993866197,pass
21104,2,0.8255656643757605,pass
21112,1,0.055980666,fail
21112,2,0.6991364239400021,pass
21116,1,0.7915927081141424,pass
21118,1,0.8310784708498462,pass
21124,1,0.2359446400683904,fail
21131,1,0.058182503,fail
21139,2,0.8236887270713705,pass
21141,2,0.8229240737239575,pass
21146,1,0.8079581711713273,pass
21150,1,0.753600201,pass
21154,1,0.61060567,pass
21154,2,0.8139618013575076,pass
21161,3,0.8605637847160067,pass
21193,1,0.8440883767997883,pass
21193,2,0.8337123588087678,pass
21197,1,0.7988857209472062,pass
21224,1,0.7708124154381418,pass
21325,1,0.8292613970418247,pass
21325,2,0.8400792336027701,pass
21345,1,0.8034893258795314,pass
21432,1,0.8205711639868146,pass
21493,1,0.7929983859398871,pass
21493,2,0.809272726,pass
21514,1,0.8526193847404208,pass
21516,1,0.8442376691197191,pass
21539,1,0.8357302187758153,pass
21553,1,0.7842223087399178,pass
21553,2,0.8057600161842726,pass
21554,1,0.4784065645567015,fail
21560,2,0.4714501213878768,fail
21567,1,0.806317139,pass
21580,1,0.6732490516799964,pass
21580,2,0.7958670063582783,pass
21623,1,0.6698625862029248,pass
21623,2,0.8043949251411384,pass
21712,1,0.8732140480707324,pass
21712,2,0.8420752101446976,pass
21713,1,0.8548083057643173,pass
21713,2,0.8291326024632647,pass
21797,1,0.7772658337004331,pass
21827,1,0.7688338488518949,pass
21855,1,0.8220277824169918,pass
21855,2,0.4317061407979509,fail
21856,1,0.7631359933101296,pass
22045,1,0.775561419,pass
22045,2,0.8197427775765378,pass
22064,1,0.8033366095194872,pass
22064,2,0.8073836752749474,pass
22473,1,0.8355116670329346,pass
22473,2,0.8372099147250003,pass
22510,1,0,fail
22520,1,0.798502691,pass
22617,1,0.8283990362498074,pass
22618,2,0.7892567497787097,pass
22653,1,0.8133934978072378,pass
22654,1,0.7086633072232408,pass
22654,2,0.791719477,pass
22670,1,0.8157778125290097,pass
22744,1,0.8028040594300164,pass
22745,1,0.755568986,pass
22797,1,0.8219373776021187,pass
23303,1,0.7312202446314627,pass
23676,1,0.8572163060766468,pass
23698,1,0.7991351327085459,pass
,,,
,,,
,,,
,,,
,,,
,,,
,,,
,,,
,,,
,,,
,,,
,,,
,,,
,,,
,,,
,,,
,,,
,,,
,,,
,,,
,,,
,,,
,,,
,,,
,,,
,,,
,,,
,,,
,,,
,,,
,,,
,,,
,,,