participant_id,session_id,lh_euler,rh_euler,lh_holes,rh_holes,cortex_numvert_lh,cortex_pialsurfarea_lh,cortex_meanthickness_lh,cortex_numvert_rh,cortex_pialsurfarea_rh,cortex_meanthickness_rh,brainseg_brainsegvol,brainsegnotvent_brainsegvolnotvent,ventriclechoroidvol,lhcortex_lhcortexvol,rhcortex_rhcortexvol,cortex_cortexvol,lhcerebralwhitematter_lhcerebralwhitemattervol,rhcerebralwhitematter_rhcerebralwhitemattervol,cerebralwhitematter_cerebralwhitemattervol,subcortgray_subcortgrayvol,totalgray_totalgrayvol,supratentorial_supratentorialvol,supratentorialnotvent_supratentorialvolnotvent,mask_maskvol,lhsurfaceholes,rhsurfaceholes,surfaceholes,estimatedtotalintracranialvol_etiv
sub-138950,ses-1,-22.0,-16.0,12.0,9.0,145655.0,112568.0,2.53958,146773.0,111939.0,2.52613,1247331.0,1203329.0,38050.0,273343.629651,271807.830681,545151.460332,222308.0,221410.0,443718.0,61756.0,732336.460332,1094645.0,1050643.0,1593119.0,12.0,9.0,21.0,1736213.297026
sub-138950,ses-2,-24.0,-6.0,13.0,4.0,144650.0,111693.0,2.51707,146631.0,111148.0,2.48812,1241259.0,1195001.0,40161.0,268198.96262,265454.039025,533653.001644,223680.0,223437.0,447117.0,62073.0,722088.001644,1088974.0,1042716.0,1591845.0,13.0,4.0,17.0,1704076.312946
sub-19861,ses-1,-12.0,-24.0,7.0,13.0,147063.0,108473.0,2.76905,146585.0,107798.0,2.78313,1308141.0,1296168.0,8223.0,290213.314554,290492.802204,580706.116759,244657.5,246891.5,491549.0,65079.0,775489.116759,1149389.0,1137416.0,1618715.0,7.0,13.0,20.0,1637375.271235
sub-19861,ses-2,-10.0,-6.0,6.0,4.0,141342.0,104232.0,2.69903,143547.0,104683.0,2.70976,1276313.0,1264698.0,8000.0,272254.86406,275044.394588,547299.258647,242904.5,245433.5,488338.0,66791.0,746050.258647,1114047.0,1102432.0,1587604.0,6.0,4.0,10.0,1350846.022133
sub-20124,ses-1,-4.0,-10.0,3.0,6.0,121730.0,92421.3,2.65667,121126.0,91421.5,2.67579,1007598.0,999229.0,5921.0,233380.49627,233298.014711,466678.510981,175635.5,175809.5,351445.0,51607.0,624183.510981,878248.0,869879.0,1159784.0,3.0,6.0,9.0,1264088.625718
sub-20125,ses-1,-14.0,-24.0,8.0,13.0,111062.0,87387.5,2.5394,112125.0,87215.8,2.52332,938404.0,922135.0,13324.0,210363.413358,209797.180096,420160.593454,164090.5,166085.5,330176.0,45656.0,571395.593454,812622.0,796353.0,1168211.0,8.0,13.0,21.0,1217428.087442
sub-20139,ses-1,-2.0,-8.0,2.0,5.0,152621.0,112839.0,2.72444,152145.0,112573.0,2.66124,1333018.0,1316207.0,13117.0,295282.349827,287211.834681,582494.184509,260576.0,257668.0,518244.0,65904.0,769846.184509,1183434.0,1166623.0,1626717.0,2.0,5.0,7.0,1580494.205555
sub-20139,ses-2,0.0,-4.0,1.0,3.0,151965.0,111652.0,2.68705,150196.0,110888.0,2.62499,1322703.0,1305665.0,13428.0,287969.572081,279536.021283,567505.593364,262351.5,259972.5,522324.0,66238.0,755049.593364,1172913.0,1155875.0,1614151.0,1.0,3.0,4.0,1307016.477968
sub-20139,ses-3,-10.0,-2.0,6.0,2.0,152215.0,111149.0,2.66369,151816.0,111203.0,2.60436,1322583.0,1306418.0,12599.0,284839.676874,277877.73373,562717.410604,265936.0,262153.0,528089.0,65661.0,749797.410604,1172573.0,1156408.0,1614377.0,6.0,2.0,8.0,1275632.041815
sub-20141,ses-1,-10.0,-8.0,6.0,5.0,125324.0,96808.7,2.69787,126271.0,95171.2,2.72352,1112228.0,1097686.0,11702.0,247719.826655,248010.622098,495730.448752,204070.0,204824.0,408894.0,54463.0,662793.448752,973603.0,959061.0,1360695.0,6.0,5.0,11.0,1313893.524306
sub-20149,ses-1,-6.0,-2.0,4.0,2.0,136523.0,103680.0,2.82851,138870.0,103130.0,2.73965,1238958.0,1224342.0,11744.0,280573.149798,271686.861203,552260.011002,227023.5,225756.5,452780.0,61742.0,739616.011002,1081648.0,1067032.0,1510674.0,4.0,2.0,6.0,1571849.272392
sub-20149,ses-2,-24.0,-8.0,13.0,5.0,136728.0,104561.0,2.77345,137280.0,102372.0,2.71319,1247226.0,1231405.0,12719.0,277047.319423,267288.784989,544336.104412,234377.0,230952.0,465329.0,63274.0,734726.104412,1088619.0,1072798.0,1532338.0,13.0,5.0,18.0,1529823.657881
sub-20149,ses-3,-16.0,-10.0,9.0,6.0,135549.0,102222.0,2.71487,135246.0,102463.0,2.64154,1239373.0,1222584.0,13678.0,266059.093143,259252.034049,525311.127192,236504.5,232990.5,469495.0,67374.0,720830.127192,1078698.0,1061909.0,1532517.0,9.0,6.0,15.0,1498485.007349
sub-20188,ses-1,-80.0,-60.0,41.0,31.0,134019.0,109760.0,2.81308,135003.0,107995.0,2.7873,1255270.0,1246233.0,6539.0,290702.409589,284997.022032,575699.431621,239753.5,236680.5,476434.0,60162.0,745845.431621,1121011.0,1111974.0,1580324.0,41.0,31.0,72.0,1478438.347545
sub-20188,ses-2,-10.0,-2.0,6.0,2.0,149438.0,112375.0,2.79907,149247.0,111471.0,2.80551,1318056.0,1307477.0,7574.0,302230.468215,299869.921197,602100.389411,244411.0,244721.0,489132.0,65390.0,789075.389411,1167447.0,1156868.0,1614741.0,6.0,2.0,8.0,1575106.868948
sub-20188,ses-3,-8.0,-16.0,5.0,9.0,148307.0,110782.0,2.77697,150106.0,112072.0,2.75842,1318748.0,1309801.0,6516.0,296739.826231,296238.087197,592977.913427,250152.0,250121.0,500273.0,65195.0,780418.913427,1167730.0,1158783.0,1611972.0,5.0,9.0,14.0,1464212.019843
sub-20212,ses-1,-18.0,-10.0,10.0,6.0,158559.0,123827.0,2.89617,159875.0,122839.0,2.89567,1433503.0,1405832.0,22943.0,340191.080682,339752.343343,679943.424025,251979.0,250752.0,502731.0,67914.0,877423.424025,1278126.0,1250455.0,1754511.0,10.0,6.0,16.0,1792802.39155
sub-20214,ses-1,-20.0,-20.0,11.0,11.0,130508.0,103324.0,2.74763,127156.0,99939.4,2.80381,1140206.0,1127902.0,7538.0,268432.247795,265167.348465,533599.59626,198856.5,195222.5,394079.0,57163.0,711043.59626,996983.0,984679.0,1425801.0,11.0,11.0,22.0,1392686.023986
sub-20214,ses-2,-14.0,-8.0,8.0,5.0,129995.0,100994.0,2.71306,127688.0,98717.7,2.7585,1126040.0,1113603.0,7708.0,260128.584034,258542.18651,518670.770544,199120.5,195909.5,395030.0,57723.0,695013.770544,983581.0,971144.0,1410633.0,8.0,5.0,13.0,1209443.575236
sub-20214,ses-3,-10.0,-12.0,6.0,7.0,128906.0,99690.6,2.71271,127473.0,98045.6,2.73738,1115178.0,1102577.0,7988.0,256407.950081,254787.367253,511195.317334,201678.5,197923.5,399602.0,55931.0,679705.317334,978913.0,966312.0,1403067.0,6.0,7.0,13.0,1205295.839693
sub-20236,ses-1,-6.0,-8.0,4.0,5.0,156086.0,114071.0,2.77607,155816.0,112034.0,2.69255,1305913.0,1295882.0,8480.0,304956.211236,291425.399913,596381.611149,245942.0,245558.0,491500.0,65469.0,777528.611149,1163713.0,1153682.0,1536321.0,4.0,5.0,9.0,1585611.227895
sub-20238,ses-1,-6.0,-6.0,4.0,4.0,122218.0,93971.5,2.83412,123033.0,92795.0,2.81742,1117879.0,1091219.0,23841.0,255311.692837,250844.689325,506156.382162,199278.5,196566.5,395845.0,59874.0,670513.382162,988609.0,961949.0,1376164.0,4.0,4.0,8.0,1435591.217139
sub-20238,ses-2,-10.0,-4.0,6.0,3.0,123214.0,93870.4,2.77172,123068.0,92669.7,2.75864,1112054.0,1085222.0,23944.0,248736.087525,244284.329734,493020.417259,203575.0,200927.0,404502.0,58715.0,653150.417259,983068.0,956236.0,1366466.0,6.0,3.0,9.0,1436062.150584
sub-20252,ses-1,-24.0,-28.0,13.0,15.0,153251.0,113065.0,2.69386,153299.0,111971.0,2.69121,1310904.0,1291181.0,16171.0,295500.83405,292248.250051,587749.084102,247966.0,246499.0,494465.0,65470.0,767529.084102,1167587.0,1147864.0,1628751.0,13.0,15.0,28.0,1622214.569691
sub-20252,ses-2,-16.0,-10.0,9.0,6.0,150059.0,113258.0,2.65583,151669.0,111055.0,2.64114,1308042.0,1287140.0,17189.0,290280.255656,284412.930825,574693.18648,251322.0,251972.0,503294.0,66346.0,754096.18648,1164922.0,1144020.0,1627790.0,9.0,6.0,15.0,1574483.759019
sub-20253,ses-1,-10.0,-14.0,6.0,8.0,134736.0,106828.0,2.761,134896.0,105574.0,2.74756,1213116.0,1197120.0,12681.0,279220.47856,275027.583032,554248.061592,210062.5,204570.5,414633.0,57842.0,752153.061592,1042175.0,1026179.0,1503746.0,6.0,8.0,14.0,1529448.533711
sub-20253,ses-2,-4.0,-6.0,3.0,4.0,135382.0,105895.0,2.7227,134761.0,105380.0,2.69974,1209173.0,1189976.0,15571.0,273696.882568,269651.337995,543348.220563,210565.0,206545.0,417110.0,58554.0,740962.220563,1037864.0,1018667.0,1498854.0,3.0,4.0,7.0,1394790.55661
sub-20253,ses-3,-10.0,-10.0,6.0,6.0,134850.0,103805.0,2.65311,133022.0,102550.0,2.67659,1199132.0,1180108.0,15531.0,262191.354985,261711.861949,523903.216934,215664.0,213890.0,429554.0,58775.0,720441.216934,1030673.0,1011649.0,1495883.0,6.0,6.0,12.0,1355412.679504
sub-20258,ses-1,-6.0,-10.0,4.0,6.0,121956.0,94472.4,2.72251,123492.0,92708.7,2.68395,1093436.0,1079230.0,11256.0,244399.978638,238729.19267,483129.171308,203102.5,202061.5,405164.0,56455.0,646971.171308,958826.0,944620.0,1349820.0,4.0,6.0,10.0,1220793.631129
sub-20258,ses-2,-8.0,-12.0,5.0,7.0,122729.0,93255.5,2.68852,125058.0,92418.4,2.69697,1099101.0,1084827.0,11415.0,239083.394768,239856.461919,478939.856688,207599.5,206993.5,414593.0,56473.0,641430.856688,964462.0,950188.0,1354417.0,5.0,7.0,12.0,1094043.589324
sub-20259,ses-1,-40.0,-18.0,21.0,10.0,132378.0,107951.0,2.8476,132057.0,106029.0,2.81484,1187727.0,1178426.0,6043.0,287814.11789,281119.901675,568934.019565,204473.5,201932.5,406406.0,58268.0,747733.019565,1042985.0,1033684.0,1480020.0,21.0,10.0,31.0,1563335.18601
sub-20259,ses-2,-4.0,-2.0,3.0,2.0,140629.0,108266.0,2.82849,139631.0,106949.0,2.81765,1215910.0,1206995.0,5867.0,289903.960125,285326.917795,575230.87792,212507.5,209840.5,422348.0,58102.0,757422.87792,1064883.0,1055968.0,1489052.0,3.0,2.0,5.0,1568857.962402
sub-20259,ses-3,-14.0,-10.0,8.0,6.0,139228.0,106329.0,2.76026,137386.0,104030.0,2.74428,1196332.0,1185759.0,7144.0,278407.896835,272032.953734,550440.850569,214648.0,210784.0,425432.0,59392.0,734711.850569,1045749.0,1035176.0,1482800.0,8.0,6.0,14.0,1426516.115093
sub-20302,ses-1,-14.0,-4.0,8.0,3.0,147959.0,112324.0,2.93709,150047.0,116649.0,2.89975,1359915.0,1339675.0,17199.0,314794.531593,320704.923319,635499.454911,229407.0,231043.0,460450.0,66854.0,846457.454911,1183063.0,1162823.0,1645415.0,8.0,3.0,11.0,1742389.53413
sub-20302,ses-2,-36.0,-4.0,19.0,3.0,148391.0,112450.0,2.88569,150136.0,113734.0,2.8519,1380207.0,1356892.0,19988.0,311136.775327,310959.150046,622095.925373,240120.0,241799.0,481919.0,68713.0,840437.925373,1195953.0,1172638.0,1685232.0,19.0,3.0,22.0,1795292.680181
sub-20303,ses-2,-10.0,-14.0,6.0,8.0,123945.0,96578.7,2.9294,123401.0,95562.4,2.95576,1217496.0,1204890.0,8625.0,271289.752142,271935.369244,543225.121386,205000.5,205644.5,410645.0,64224.0,761472.121386,1030719.0,1018113.0,1502203.0,6.0,8.0,14.0,1567014.359285
sub-20303,ses-3,-10.0,-2.0,6.0,2.0,123186.0,94694.0,2.88205,121983.0,94226.2,2.849,1187779.0,1174934.0,8773.0,262168.067903,258288.341307,520456.409209,202581.5,202685.5,405267.0,63272.0,736626.409209,1001736.0,988891.0,1472829.0,6.0,2.0,8.0,1560114.730198
sub-20305,ses-1,-4.0,2.0,3.0,0.0,135918.0,97768.1,2.5822,137914.0,98958.1,2.57364,1241236.0,1231510.0,7491.0,243954.460836,245421.908218,489376.369054,265814.5,268184.5,533999.0,65546.0,664829.369054,1098930.0,1089204.0,1507848.0,3.0,0.0,3.0,1466290.545781
sub-20305,ses-2,-8.0,-8.0,5.0,5.0,136671.0,97066.8,2.56194,138197.0,97881.0,2.53935,1247501.0,1237469.0,7966.0,240649.5815,240675.309513,481324.891013,276165.5,278651.5,554817.0,62896.0,649140.891013,1109052.0,1099020.0,1504142.0,5.0,5.0,10.0,1447565.296876
sub-20310,ses-1,-16.0,-12.0,9.0,7.0,97500.0,79415.7,2.93623,97502.0,79083.0,2.88889,860015.0,852727.0,4817.0,218473.433567,214706.532613,433179.96618,128633.0,128254.0,256887.0,45387.0,576759.96618,742756.0,735468.0,1071793.0,9.0,7.0,16.0,1101593.523898
sub-20310,ses-2,-18.0,-8.0,10.0,5.0,99903.0,78441.1,2.87586,100395.0,79399.4,2.83711,873752.0,865710.0,5445.0,213588.845523,212899.50644,426488.351963,136159.0,135067.0,271226.0,45619.0,574309.351963,751545.0,743503.0,1095622.0,10.0,5.0,15.0,1142561.687772
sub-20310,ses-3,-12.0,-6.0,7.0,4.0,97335.0,65392.8,2.46463,98541.0,66211.9,2.42178,771168.0,763313.0,5224.0,161007.051179,159646.20564,320653.256819,136597.0,136267.0,272864.0,46576.0,469956.256819,647831.0,639976.0,1583992.0,7.0,4.0,11.0,1134292.523565
sub-20328,ses-1,-18.0,-20.0,10.0,11.0,146187.0,113400.0,2.69884,147742.0,114114.0,2.70628,1241008.0,1219909.0,18347.0,292286.407488,294928.893239,587215.300727,222153.5,221563.5,443717.0,64310.0,748931.300727,1116234.0,1095135.0,1536302.0,10.0,11.0,21.0,1415887.635629
sub-20328,ses-2,-22.0,-14.0,12.0,8.0,146260.0,112735.0,2.64593,145171.0,110967.0,2.64547,1232100.0,1210228.0,19060.0,284090.927406,281217.333808,565308.261214,222672.0,222487.0,445159.0,64271.0,737389.261214,1096258.0,1074386.0,1541920.0,12.0,8.0,20.0,1372508.288177
sub-20333,ses-1,-10.0,-16.0,6.0,9.0,133491.0,97167.2,2.7304,131893.0,96255.9,2.72706,1143317.0,1128645.0,11640.0,255941.715063,253515.511593,509457.226656,214320.5,212386.5,426707.0,56309.0,676167.226656,1007283.0,992611.0,1317973.0,6.0,9.0,15.0,1530130.62338
sub-20335,ses-1,-30.0,-14.0,16.0,8.0,112215.0,85986.8,2.87398,113664.0,87905.6,2.85812,1006308.0,997000.0,7085.0,237630.023543,241480.692462,479110.716005,172452.0,172356.0,344808.0,52190.0,630550.716005,885783.0,876475.0,1173912.0,16.0,8.0,24.0,1320435.633082
sub-20336,ses-1,-30.0,-6.0,16.0,4.0,124415.0,97057.5,2.92383,124422.0,97824.5,2.86665,1113634.0,1096692.0,13755.0,268450.818377,265737.437273,534188.25565,191160.5,188556.5,379717.0,55294.0,694912.25565,986082.0,969140.0,1358368.0,16.0,4.0,20.0,1345017.238456
sub-20347,ses-1,-16.0,-4.0,9.0,3.0,110708.0,85588.3,2.65516,109301.0,84323.9,2.68279,1007219.0,997976.0,6228.0,217037.488005,215851.44982,432888.937826,186462.0,181620.0,368082.0,55990.0,603488.937826,866342.0,857099.0,1254167.0,9.0,3.0,12.0,1231200.944257
sub-20350,ses-1,-6.0,-6.0,4.0,4.0,132760.0,87661.3,2.43409,132089.0,90042.6,2.49836,1124935.0,1110096.0,11875.0,214677.035726,223745.650964,438422.686689,221391.0,222230.0,443621.0,64238.0,638978.686689,960996.0,946157.0,1488985.0,4.0,4.0,8.0,1440977.576217
sub-20352,ses-1,-10.0,-10.0,6.0,6.0,135306.0,107027.0,2.79636,137234.0,106350.0,2.83366,1178217.0,1166178.0,8854.0,282961.713907,286065.302477,569027.016384,202538.0,205038.0,407576.0,57021.0,735365.016384,1045055.0,1033016.0,1410139.0,6.0,6.0,12.0,1478560.340464
sub-20352,ses-2,-4.0,-2.0,3.0,2.0,137311.0,108801.0,2.81672,136300.0,106455.0,2.86332,1208523.0,1196508.0,8704.0,289030.461839,289437.886578,578468.348417,207020.0,209056.0,416076.0,56961.0,754379.348417,1063770.0,1051755.0,1480413.0,3.0,2.0,5.0,1520543.004965
sub-20399,ses-1,-14.0,-24.0,8.0,13.0,121966.0,95700.4,2.87377,122360.0,95138.8,2.84123,1135981.0,1115191.0,18036.0,262586.770382,258774.005567,521360.77595,194339.5,195238.5,389578.0,59860.0,699143.77595,991934.0,971144.0,1412647.0,8.0,13.0,21.0,1486830.574171
sub-20399,ses-2,-6.0,-8.0,4.0,5.0,123714.0,95712.5,2.7163,122849.0,94423.3,2.74121,1103972.0,1080481.0,19859.0,247740.727588,247848.888361,495589.615949,191770.0,191620.0,383390.0,58069.0,668859.615949,960671.0,937180.0,1386347.0,4.0,5.0,9.0,1493060.048256
sub-20402,ses-1,-16.0,0.0,9.0,1.0,135563.0,101048.0,2.75084,138697.0,101888.0,2.7404,1222831.0,1207900.0,11605.0,267271.657923,269404.505043,536676.162966,226316.5,230203.5,456520.0,61347.0,725810.162966,1069596.0,1054665.0,1490047.0,9.0,1.0,10.0,1586251.49266
sub-20403,ses-1,-16.0,-14.0,9.0,8.0,119332.0,88983.4,2.84184,121288.0,90434.5,2.82808,1108554.0,1099859.0,6090.0,245630.50036,248061.292353,493691.792713,206588.5,207759.5,414348.0,58909.0,662857.792713,975847.0,967152.0,1365183.0,9.0,8.0,17.0,1356656.839915
sub-20410,ses-1,0.0,-12.0,1.0,7.0,116432.0,87766.5,2.80402,115187.0,87317.8,2.81527,1027062.0,1018678.0,6449.0,236021.725595,236259.599797,472281.325392,182337.0,182452.0,364789.0,56650.0,632938.325392,902505.0,894121.0,1253872.0,1.0,7.0,8.0,1056890.69478
sub-20427,ses-1,-10.0,-14.0,6.0,8.0,122502.0,98672.4,2.76959,121033.0,98547.6,2.7618,1112504.0,1083478.0,24382.0,258408.985412,257260.983988,515669.9694,185885.5,184203.5,370089.0,56639.0,688723.9694,971209.0,942183.0,1405871.0,6.0,8.0,14.0,1125525.269754
sub-20427,ses-2,-12.0,-18.0,7.0,10.0,123676.0,97609.2,2.72722,121720.0,96518.9,2.74981,1105433.0,1078005.0,23121.0,252051.411605,251852.218826,503903.630431,186942.0,184629.0,371571.0,56928.0,680345.630431,959525.0,932097.0,1391829.0,7.0,10.0,17.0,1114133.285622
sub-20448,ses-1,-8.0,-14.0,5.0,8.0,133641.0,105812.0,2.77933,131873.0,104264.0,2.77506,1206077.0,1190763.0,11561.0,279660.992469,276006.6452,555667.637669,221910.5,220875.5,442786.0,59987.0,724182.637669,1073860.0,1058546.0,1491287.0,5.0,8.0,13.0,1507506.313813
sub-20463,ses-1,2.0,-4.0,0.0,3.0,129635.0,99279.4,2.84982,131109.0,97580.7,2.85022,1194260.0,1180881.0,10440.0,269075.317406,266410.942623,535486.260029,221227.0,220449.0,441676.0,56366.0,712551.260029,1046913.0,1033534.0,1440970.0,0.0,3.0,3.0,1456978.094769
sub-20463,ses-2,0.0,0.0,1.0,1.0,129387.0,99419.7,2.85502,129441.0,99488.4,2.85948,1215757.0,1200478.0,12012.0,269566.081464,270023.214922,539589.296386,224473.5,223291.5,447765.0,58610.0,723931.296386,1061258.0,1045979.0,1475791.0,1.0,1.0,2.0,1501178.442241
sub-20494,ses-1,-8.0,-12.0,5.0,7.0,133074.0,104204.0,2.92047,136319.0,105201.0,2.91417,1205276.0,1190437.0,10130.0,291360.926683,292445.251343,583806.178026,200699.0,201398.0,402097.0,64736.0,763137.178026,1065738.0,1050899.0,1478991.0,5.0,7.0,12.0,1543564.02652
sub-20494,ses-2,-10.0,-16.0,6.0,9.0,132890.0,102552.0,2.87677,135383.0,103541.0,2.89144,1217254.0,1201990.0,10601.0,283918.536332,286839.111106,570757.647437,210303.0,210877.0,421180.0,65331.0,754238.647437,1072844.0,1057580.0,1511990.0,6.0,9.0,15.0,1578947.897045
sub-20494,ses-3,-4.0,-6.0,3.0,4.0,131450.0,102956.0,2.82279,133470.0,103027.0,2.80211,1206642.0,1189956.0,11612.0,277529.665672,275579.861115,553109.526787,211196.5,211324.5,422521.0,67063.0,739896.526787,1059636.0,1042950.0,1512176.0,3.0,4.0,7.0,1525480.935238
sub-20533,ses-1,-14.0,-4.0,8.0,3.0,148685.0,111646.0,2.83674,150053.0,111866.0,2.85028,1325393.0,1304606.0,17579.0,304233.828115,307718.62795,611952.456064,235675.5,238029.5,473705.0,66209.0,800673.456064,1172791.0,1152004.0,1637936.0,8.0,3.0,11.0,1696553.186575
sub-20533,ses-2,-8.0,-2.0,5.0,2.0,149563.0,110694.0,2.76922,151169.0,111287.0,2.777,1338644.0,1313874.0,21121.0,294715.154853,299274.998692,593990.153546,248259.0,252415.0,500674.0,67219.0,783307.153546,1186392.0,1161622.0,1664221.0,5.0,2.0,7.0,1767752.281255
sub-20572,ses-1,-10.0,-8.0,6.0,5.0,129183.0,101730.0,2.71841,131158.0,102546.0,2.68738,1176396.0,1163438.0,10300.0,263650.032495,263251.345693,526901.378188,217395.5,219659.5,437055.0,60698.0,698357.378188,1037802.0,1024844.0,1440435.0,6.0,5.0,11.0,1520358.820369
sub-20572,ses-2,-2.0,-2.0,2.0,2.0,132369.0,100674.0,2.67984,133702.0,100631.0,2.64536,1167150.0,1151892.0,12120.0,257727.527925,255217.545277,512945.073202,219608.5,218739.5,438348.0,61432.0,684509.073202,1027651.0,1012393.0,1433616.0,2.0,2.0,4.0,1388576.770963
sub-20612,ses-1,-12.0,-12.0,7.0,7.0,128874.0,97891.2,2.72709,128889.0,98563.2,2.69383,1131407.0,1104436.0,23651.0,256022.98986,254514.627142,510537.617002,200141.5,199222.5,399364.0,52637.0,678092.617002,990034.0,963063.0,1401149.0,7.0,7.0,14.0,1520835.641833
sub-20626,ses-1,-6.0,-8.0,4.0,5.0,120055.0,90076.9,2.86567,119098.0,88459.8,2.85707,1092070.0,1071353.0,17747.0,248789.688408,243663.296796,492452.985204,198352.0,194863.0,393215.0,59200.0,654747.985204,965375.0,944658.0,1352719.0,4.0,5.0,9.0,1401099.364601
sub-20626,ses-2,0.0,-6.0,1.0,4.0,118160.0,87131.6,2.82805,117215.0,86894.9,2.78595,1070834.0,1049355.0,18616.0,238615.876549,233260.398121,471876.27467,199835.0,195603.0,395438.0,58308.0,630079.27467,946974.0,925495.0,1338522.0,1.0,4.0,5.0,1218229.997812
sub-20691,ses-1,-16.0,-10.0,9.0,6.0,132230.0,96523.4,2.76555,135825.0,100255.0,2.73867,1138656.0,1126576.0,9313.0,258095.85055,264994.519391,523090.369941,211628.5,213803.5,425432.0,59387.0,678585.369941,1020055.0,1007975.0,1288189.0,9.0,6.0,15.0,1453903.66742
sub-20691,ses-2,0.0,-4.0,1.0,3.0,134663.0,101556.0,2.83892,135225.0,102862.0,2.80415,1194716.0,1182440.0,9411.0,276596.279751,277973.443603,554569.723354,219119.0,219631.0,438750.0,61235.0,719665.723354,1067336.0,1055060.0,1454357.0,1.0,3.0,4.0,1449566.965672
sub-20712,ses-1,-6.0,0.0,4.0,1.0,135720.0,102587.0,2.67698,135221.0,100581.0,2.68312,1182733.0,1171509.0,8083.0,261864.989228,259046.799477,520911.788705,222880.5,220942.5,443823.0,62784.0,698323.788705,1038662.0,1027438.0,1452791.0,4.0,1.0,5.0,1489034.369141
sub-20712,ses-2,0.0,-10.0,1.0,6.0,134831.0,99599.2,2.59769,134727.0,97020.5,2.64914,1172962.0,1161793.0,7922.0,248377.962336,248859.342417,497237.304753,231242.0,228942.0,460184.0,61848.0,671503.304753,1030280.0,1019111.0,1436593.0,1.0,6.0,7.0,1457010.829883
sub-20712,ses-3,-8.0,-6.0,5.0,4.0,133653.0,97214.6,2.59967,133123.0,96880.8,2.61025,1166669.0,1155665.0,7940.0,243970.808568,243924.682722,487895.49129,234043.5,231872.5,465916.0,61210.0,660553.49129,1025598.0,1014594.0,1441609.0,5.0,4.0,9.0,1418466.776964
sub-20721,ses-1,-10.0,-6.0,6.0,4.0,118652.0,89412.4,2.71576,118778.0,87788.6,2.70376,995237.0,984607.0,8135.0,231430.805778,227851.112616,459281.918393,179737.5,178863.5,358601.0,55148.0,607840.918393,883563.0,872933.0,1144086.0,6.0,4.0,10.0,1336455.858811
sub-20721,ses-2,-2.0,-16.0,2.0,9.0,118963.0,89960.0,2.67945,118765.0,89800.9,2.675,1011201.0,999165.0,9269.0,229808.711714,229698.62698,459507.338694,187450.0,186252.0,373702.0,53481.0,606046.338694,898913.0,886877.0,1247044.0,2.0,9.0,11.0,1335761.639553
sub-20721,ses-3,0.0,-8.0,1.0,5.0,119021.0,77826.1,2.37115,117622.0,77334.3,2.37429,923623.0,911016.0,9732.0,185047.876041,184858.919358,369906.795399,187060.5,186755.5,373816.0,53871.0,518105.795399,810273.0,797666.0,1233079.0,1.0,5.0,6.0,1326585.92234
sub-20724,ses-1,-10.0,-18.0,6.0,10.0,136826.0,90574.2,2.41874,132407.0,91916.2,2.53567,1066646.0,1050497.0,12135.0,220303.116745,231276.709711,451579.826455,197464.0,194789.0,392253.0,61816.0,631215.826455,921932.0,905783.0,1467283.0,6.0,10.0,16.0,1440625.322446
sub-20794,ses-1,-14.0,-8.0,8.0,5.0,128420.0,95842.9,2.71077,129347.0,96661.1,2.66851,1087360.0,1073845.0,9692.0,249246.649762,247707.213352,496953.863114,200274.5,199946.5,400221.0,56581.0,649373.863114,967007.0,953492.0,1338270.0,8.0,5.0,13.0,1271406.104176
sub-20812,ses-2,-34.0,-24.0,18.0,13.0,121249.0,97157.1,2.70596,127019.0,97450.8,2.68447,1096663.0,1085719.0,7550.0,247751.751474,250596.565151,498348.316625,198611.0,206469.0,405080.0,58326.0,655959.316625,972278.0,961334.0,1350211.0,18.0,13.0,31.0,1494576.850325
sub-20812,ses-3,-24.0,-32.0,13.0,17.0,132795.0,102501.0,2.58699,127924.0,98565.8,2.59624,1157456.0,1146803.0,7457.0,253179.970762,246160.405107,499340.375869,223560.5,222731.5,446292.0,59434.0,673543.375869,1015936.0,1005283.0,1428779.0,13.0,17.0,30.0,1551544.416959
sub-20818,ses-1,-4.0,-4.0,3.0,3.0,136677.0,101899.0,2.7338,136765.0,101955.0,2.70198,1170992.0,1157077.0,10991.0,268121.350135,265274.102243,533395.452378,222418.0,219693.0,442111.0,57958.0,691355.452378,1047286.0,1033371.0,1457999.0,3.0,3.0,6.0,1400283.106805
sub-20818,ses-2,-2.0,-20.0,2.0,11.0,134647.0,99073.4,2.69434,133534.0,99450.1,2.65762,1151741.0,1138063.0,10832.0,258110.081989,255252.065433,513362.147422,223758.5,221838.5,445597.0,58287.0,668107.147422,1030978.0,1017300.0,1444333.0,2.0,11.0,13.0,1355813.122651
sub-20823,ses-1,-2.0,-10.0,2.0,6.0,125929.0,96489.9,2.88663,126188.0,94512.5,2.88563,1141742.0,1127899.0,10911.0,263963.07793,260532.893297,524495.971227,209209.5,209767.5,418977.0,56754.0,684235.971227,1013933.0,1000090.0,1379796.0,2.0,6.0,8.0,1391494.712121
sub-20823,ses-2,-8.0,-14.0,5.0,8.0,126893.0,94704.8,2.8369,127768.0,93244.2,2.84589,1161261.0,1146247.0,11926.0,256040.448055,254861.458567,510901.906622,220362.5,219978.5,440341.0,59112.0,679166.906622,1025703.0,1010689.0,1408150.0,5.0,8.0,13.0,1459345.82609
sub-20836,ses-1,-2.0,-12.0,2.0,7.0,142866.0,98557.1,2.54643,142887.0,97838.1,2.49147,1187100.0,1169238.0,14656.0,248434.544487,241796.643162,490231.187649,236284.0,235475.0,471759.0,62984.0,671816.187649,1042991.0,1025129.0,1533419.0,2.0,7.0,9.0,1593350.122646
sub-20836,ses-2,-16.0,-12.0,9.0,7.0,139762.0,103618.0,2.61324,139128.0,104806.0,2.60379,1227401.0,1205626.0,18223.0,260740.882964,261847.472858,522588.355823,240523.0,241049.0,481572.0,61533.0,698467.355823,1087293.0,1065518.0,1505260.0,9.0,7.0,16.0,1206627.289931
sub-20842,ses-1,-12.0,-18.0,7.0,10.0,140341.0,107270.0,2.85616,140299.0,106913.0,2.81099,1210885.0,1198530.0,9998.0,290152.515227,285195.983257,575348.498485,210452.5,208163.5,418616.0,59044.0,752611.498485,1065311.0,1052956.0,1462812.0,7.0,10.0,17.0,1432403.496135
sub-20846,ses-1,-16.0,-10.0,9.0,6.0,134854.0,101517.0,2.72043,135713.0,101747.0,2.69464,1177234.0,1166039.0,8475.0,264072.400419,263773.631825,527846.032244,211653.5,215786.5,427440.0,59923.0,711170.032244,1026680.0,1015485.0,1410984.0,9.0,6.0,15.0,1423858.020413
sub-20849,ses-1,-22.0,-16.0,12.0,9.0,125923.0,94599.0,2.78524,124008.0,95149.3,2.77063,1111443.0,1088161.0,18502.0,253659.148782,252483.824406,506142.973188,191437.5,187478.5,378916.0,54092.0,685712.973188,962796.0,939514.0,1395166.0,12.0,9.0,21.0,1486515.718528
sub-20855,ses-1,-2.0,-4.0,2.0,3.0,140267.0,106059.0,2.88384,141579.0,105410.0,2.88819,1274556.0,1259072.0,12574.0,292514.976537,292530.573886,585045.550424,235890.5,236852.5,472743.0,59111.0,757067.550424,1132617.0,1117133.0,1573015.0,2.0,3.0,5.0,1484517.84766
sub-20860,ses-1,-14.0,-10.0,8.0,6.0,141604.0,103639.0,2.59228,142410.0,101974.0,2.61683,1270739.0,1258317.0,10283.0,258782.492297,258503.235698,517285.727995,269076.0,268774.0,537850.0,61402.0,692806.727995,1129369.0,1116947.0,1558208.0,8.0,6.0,14.0,1573169.956025
sub-20865,ses-1,-2.0,-2.0,2.0,2.0,112575.0,85000.8,2.68669,114829.0,85932.0,2.69311,1058944.0,1043719.0,11526.0,219841.584147,222543.804873,442385.389019,205361.0,207219.0,412580.0,61560.0,604800.389019,931467.0,916242.0,1339153.0,2.0,2.0,4.0,1148809.238366
sub-20865,ses-2,-4.0,0.0,3.0,1.0,112245.0,85900.9,2.64427,114962.0,86275.7,2.63954,1060129.0,1045384.0,11348.0,218161.589941,218409.253798,436570.843739,209482.5,209821.5,419304.0,62966.0,599979.843739,933399.0,918654.0,1335264.0,3.0,1.0,4.0,1118666.429025
sub-20866,ses-1,-2.0,-10.0,2.0,6.0,131015.0,103296.0,2.73732,131616.0,102796.0,2.74264,1182634.0,1161695.0,17484.0,266919.608709,267057.519621,533977.128329,203936.5,203418.5,407355.0,59729.0,728175.128329,1021655.0,1000716.0,1471968.0,2.0,6.0,8.0,1244173.473407
sub-20866,ses-2,-8.0,-8.0,5.0,5.0,127637.0,99585.5,2.66038,129016.0,100104.0,2.62495,1166947.0,1144617.0,18515.0,251987.46949,249910.107718,501897.577208,208034.5,208911.5,416946.0,61765.0,700289.577208,1002958.0,980628.0,1467853.0,5.0,5.0,10.0,1229593.586484
sub-20902,ses-1,-6.0,-4.0,4.0,3.0,141580.0,95879.9,2.58452,143730.0,95961.0,2.50093,1187460.0,1162857.0,21471.0,245873.554939,239270.166632,485143.72157,226625.0,230378.0,457003.0,68992.0,672206.72157,1036031.0,1011428.0,1588551.0,4.0,3.0,7.0,1666658.26055
sub-20902,ses-2,-18.0,-8.0,10.0,5.0,140314.0,106145.0,2.78024,142355.0,104342.0,2.76183,1270044.0,1247033.0,19962.0,281879.016138,277836.587145,559715.603283,231182.0,232960.0,464142.0,69731.0,749347.603283,1116547.0,1093536.0,1593141.0,10.0,5.0,15.0,1629868.162213
sub-20902,ses-3,-4.0,-4.0,3.0,3.0,139284.0,103503.0,2.71319,142234.0,103292.0,2.69272,1249695.0,1224497.0,21916.0,269169.422354,268905.562615,538074.984969,232082.0,236904.0,468986.0,69191.0,724404.984969,1101208.0,1076010.0,1578874.0,3.0,3.0,6.0,1618455.136805
sub-20916,ses-1,-14.0,-12.0,8.0,7.0,145120.0,108777.0,2.7657,143539.0,105026.0,2.81478,1294766.0,1283769.0,7878.0,288543.116324,286970.332664,575513.448989,237566.5,237921.5,475488.0,66071.0,779639.448989,1128164.0,1117167.0,1582235.0,8.0,7.0,15.0,1679144.1404
sub-20916,ses-2,-6.0,-22.0,4.0,12.0,147746.0,110001.0,2.69449,146835.0,109323.0,2.72382,1316418.0,1303338.0,9601.0,283492.303117,286353.572169,569845.875285,247896.5,246625.5,494522.0,68120.0,779217.875285,1145385.0,1132305.0,1614523.0,4.0,12.0,16.0,1673705.269577
sub-20916,ses-3,-16.0,-4.0,9.0,3.0,143251.0,107116.0,2.64507,144048.0,106459.0,2.66173,1271870.0,1257930.0,10228.0,271230.6666,272329.51856,543560.185161,244608.0,243859.0,488467.0,68039.0,741749.185161,1113887.0,1099947.0,1511971.0,9.0,3.0,12.0,1310155.854081
sub-20918,ses-1,-8.0,-4.0,5.0,3.0,146431.0,112069.0,2.84742,148378.0,112861.0,2.8216,1309930.0,1293231.0,12212.0,303848.738103,303311.507405,607160.245509,239475.5,238162.5,477638.0,59954.0,788709.245509,1161628.0,1144929.0,1586529.0,5.0,3.0,8.0,1540586.059546
sub-20919,ses-1,-2.0,-4.0,2.0,3.0,141703.0,108994.0,2.88356,145087.0,110940.0,2.84282,1281031.0,1263850.0,13187.0,298273.881801,299021.106036,597294.987838,229508.0,233160.0,462668.0,60332.0,774758.987838,1137497.0,1120316.0,1551817.0,2.0,3.0,5.0,1485020.758929
sub-20923,ses-1,-18.0,-12.0,10.0,7.0,135605.0,100763.0,2.98578,138213.0,101338.0,2.94718,1215375.0,1208517.0,4793.0,289754.172726,288997.839523,578752.012249,213457.0,217104.0,430561.0,62839.0,752483.012249,1079369.0,1072511.0,1513397.0,10.0,7.0,17.0,1584068.254019
sub-20923,ses-2,-22.0,-6.0,12.0,4.0,136203.0,101567.0,2.93567,139249.0,103854.0,2.91086,1230532.0,1222874.0,5488.0,287202.804357,291481.756686,578684.561042,220132.5,223682.5,443815.0,62797.0,751183.561042,1093533.0,1085875.0,1523129.0,12.0,4.0,16.0,1556831.278467
sub-20934,ses-1,-14.0,-16.0,8.0,9.0,126702.0,90111.1,2.64568,129851.0,88131.3,2.48414,1061172.0,1049961.0,8667.0,234812.919951,218412.556651,453225.476602,193207.5,197647.5,390855.0,54617.0,632045.476602,909996.0,898785.0,1406311.0,8.0,9.0,17.0,1413062.808748
sub-20936,ses-1,-58.0,-64.0,30.0,33.0,110379.0,89631.7,2.86363,112400.0,87474.3,2.82098,1025711.0,1016544.0,6734.0,241143.134662,235539.475765,476682.610427,181144.5,182333.5,363478.0,53565.0,632017.610427,902888.0,893721.0,1287211.0,30.0,33.0,63.0,1323953.119066
sub-20936,ses-2,-6.0,-6.0,4.0,4.0,120237.0,92269.0,2.80267,120401.0,90037.0,2.83199,1054196.0,1043708.0,7992.0,246462.882403,244414.07341,490876.955813,187327.0,185379.0,372706.0,54540.0,647179.955813,928671.0,918183.0,1303306.0,4.0,4.0,8.0,1333927.701061
sub-20936,ses-3,-2.0,-8.0,2.0,5.0,121984.0,92432.1,2.81237,121942.0,91552.8,2.81052,1067325.0,1056666.0,8087.0,247369.58065,245689.739565,493059.320215,191883.0,188905.0,380788.0,54914.0,651277.320215,939743.0,929084.0,1307059.0,2.0,5.0,7.0,1370069.763703
sub-20953,ses-1,-8.0,-6.0,5.0,4.0,127164.0,96916.5,2.82258,127509.0,97099.6,2.81899,1214444.0,1198097.0,12567.0,261146.23959,261596.132798,522742.372388,227868.0,228654.0,456522.0,63610.0,711202.372388,1059273.0,1042926.0,1501594.0,5.0,4.0,9.0,1444516.251214
sub-20953,ses-2,-10.0,-12.0,6.0,7.0,127415.0,96383.3,2.77333,128767.0,97360.3,2.77202,1227146.0,1209682.0,13591.0,255573.712089,257900.240406,513473.952496,237295.0,239318.0,476613.0,64320.0,701707.952496,1071747.0,1054283.0,1527629.0,6.0,7.0,13.0,1232677.950906
sub-20961,ses-1,-26.0,-14.0,14.0,8.0,142644.0,107690.0,2.74513,143030.0,107005.0,2.75639,1288990.0,1276417.0,9537.0,283245.828609,283335.31001,566581.138618,242480.5,244414.5,486895.0,66968.0,759790.138618,1133279.0,1120706.0,1573998.0,14.0,8.0,22.0,1556510.246006
sub-20961,ses-2,-36.0,-8.0,19.0,5.0,139649.0,104414.0,2.71955,139457.0,102044.0,2.72429,1287366.0,1271506.0,12261.0,272616.10223,269631.532861,542247.635091,251950.0,253319.0,505269.0,67114.0,735923.635091,1130253.0,1114393.0,1592273.0,19.0,5.0,24.0,1587274.67993
sub-20964,ses-1,-24.0,-22.0,13.0,12.0,127293.0,98169.5,2.94742,129234.0,99435.7,2.91915,1182259.0,1173530.0,5557.0,277757.306813,278209.891215,555967.198028,210033.0,208934.0,418967.0,60710.0,730257.198028,1044950.0,1036221.0,1451234.0,13.0,12.0,25.0,1499404.122722
sub-20966,ses-1,-6.0,-2.0,4.0,2.0,122325.0,91000.3,2.82659,121183.0,90131.7,2.77959,1115935.0,1099878.0,12790.0,246381.634237,240093.137696,486474.771933,207284.0,204733.0,412017.0,60002.0,661616.771933,974670.0,958613.0,1381302.0,4.0,2.0,6.0,1433722.140105
sub-20966,ses-2,-4.0,-6.0,3.0,4.0,120190.0,88169.4,2.76292,119921.0,87066.5,2.74922,1096800.0,1080569.0,13026.0,234229.427895,230632.754016,464862.181911,209244.0,207407.0,416651.0,58630.0,636637.181911,956529.0,940298.0,1362235.0,3.0,4.0,7.0,1404471.939601
sub-20966,ses-3,-10.0,-16.0,6.0,9.0,118808.0,87361.7,2.72808,118516.0,86840.6,2.7208,1084874.0,1067734.0,13974.0,229005.773738,227321.38979,456327.163528,207290.0,206177.0,413467.0,59366.0,628089.163528,946128.0,928988.0,1339949.0,6.0,9.0,15.0,1095195.743604
sub-20968,ses-1,-26.0,-10.0,14.0,6.0,141967.0,103357.0,2.73265,139724.0,103207.0,2.71981,1199460.0,1186454.0,9695.0,272332.86697,269867.095056,542199.962026,222753.5,221424.5,444178.0,61116.0,717436.962026,1060448.0,1047442.0,1492070.0,14.0,6.0,20.0,1436377.329992
sub-20968,ses-2,-10.0,-2.0,6.0,2.0,141319.0,104673.0,2.70605,139618.0,103865.0,2.68876,1209498.0,1197705.0,8677.0,271560.847934,267985.665407,539546.513341,229119.0,228116.0,457235.0,61367.0,715211.513341,1069374.0,1057581.0,1498708.0,6.0,2.0,8.0,1375145.14145
sub-20968,ses-3,-8.0,-6.0,5.0,4.0,138708.0,102684.0,2.67309,136361.0,102191.0,2.64233,1184784.0,1171784.0,9645.0,263610.676346,258945.066548,522555.742895,226912.0,224777.0,451689.0,59917.0,695212.742895,1046930.0,1033930.0,1481292.0,5.0,4.0,9.0,1378586.223757
sub-20976,ses-1,-14.0,0.0,8.0,1.0,131977.0,98640.2,2.86771,131021.0,97350.2,2.83429,1202108.0,1191627.0,7393.0,270945.720712,265733.170251,536678.890963,221045.0,220414.0,441459.0,64084.0,721273.890963,1052736.0,1042255.0,1483273.0,8.0,1.0,9.0,1602732.13271
sub-20976,ses-2,-6.0,-4.0,4.0,3.0,134017.0,101832.0,2.86959,133582.0,99506.5,2.85025,1233684.0,1223120.0,7493.0,277941.750542,272437.549553,550379.300095,227719.5,224616.5,452336.0,67091.0,740660.300095,1081007.0,1070443.0,1505475.0,4.0,3.0,7.0,1625600.895314
sub-20976,ses-3,-14.0,-18.0,8.0,10.0,131452.0,97756.5,2.77814,131992.0,97640.2,2.77279,1213246.0,1201676.0,8335.0,260999.326466,260476.970447,521476.296913,232499.5,229429.5,461929.0,67526.0,710427.296913,1062536.0,1050966.0,1505542.0,8.0,10.0,18.0,1643176.949653
sub-20983,ses-1,-6.0,0.0,4.0,1.0,144436.0,109735.0,2.7419,144228.0,106648.0,2.76293,1232836.0,1221156.0,9398.0,287185.955973,283961.850533,571147.806506,223107.0,221403.0,444510.0,59900.0,750885.806506,1087328.0,1075648.0,1495049.0,4.0,1.0,5.0,1452036.562589
sub-20983,ses-2,-2.0,-10.0,2.0,6.0,147593.0,110303.0,2.67653,146823.0,107907.0,2.69804,1259631.0,1246605.0,10515.0,282538.732765,280911.810098,563450.542864,235285.0,235375.0,470660.0,62575.0,748394.542864,1109486.0,1096460.0,1534404.0,2.0,6.0,8.0,1575086.374053
sub-21023,ses-1,-10.0,-4.0,6.0,3.0,163178.0,118172.0,2.65531,162539.0,115960.0,2.67067,1359702.0,1347905.0,9298.0,301455.796087,298230.82743,599686.623517,266120.5,263667.5,529788.0,65207.0,785123.623517,1206747.0,1194950.0,1641959.0,6.0,3.0,9.0,1657918.214717
sub-21023,ses-2,-6.0,-6.0,4.0,4.0,163026.0,115414.0,2.64178,164583.0,114693.0,2.61654,1359545.0,1346934.0,10215.0,294754.39235,289997.392306,584751.784656,275783.5,274157.5,549941.0,64782.0,765565.784656,1212176.0,1199565.0,1565665.0,4.0,4.0,8.0,1719374.445156
sub-21035,ses-1,-14.0,-18.0,8.0,10.0,131913.0,97309.3,2.83522,131907.0,96893.7,2.83794,1165318.0,1151721.0,9926.0,264911.532476,265151.263258,530062.795734,212957.0,216095.0,429052.0,53747.0,697754.795734,1026821.0,1013224.0,1428078.0,8.0,10.0,18.0,1398005.171886
sub-21035,ses-2,-14.0,-8.0,8.0,5.0,130662.0,94657.7,2.76346,132220.0,95515.9,2.7846,1172149.0,1153489.0,14436.0,252891.069027,258214.380718,511105.449745,222703.5,226203.5,448907.0,54527.0,679082.449745,1033362.0,1014702.0,1444200.0,8.0,5.0,13.0,1445968.347097
sub-21035,ses-3,-8.0,0.0,5.0,1.0,130015.0,94890.8,2.74826,131752.0,94399.8,2.77534,1164053.0,1145542.0,14130.0,250928.652267,254474.147551,505402.799818,218710.0,224141.0,442851.0,56109.0,677018.799818,1023285.0,1004774.0,1443732.0,5.0,1.0,6.0,1402092.304827
sub-21038,ses-1,-2.0,2.0,2.0,0.0,136276.0,98584.6,2.72849,136293.0,97987.2,2.71801,1174092.0,1162223.0,8713.0,259154.053383,257332.374868,516486.428251,226465.0,226677.0,453142.0,57218.0,682769.428251,1038896.0,1027027.0,1447225.0,2.0,0.0,2.0,1445306.291654
sub-21038,ses-2,-4.0,-4.0,3.0,3.0,132820.0,95978.7,2.67154,133641.0,95901.9,2.66079,1159028.0,1145388.0,10226.0,247081.226243,246503.178216,493584.40446,228814.5,230380.5,459195.0,58299.0,659560.40446,1024483.0,1010843.0,1436252.0,3.0,3.0,6.0,1372087.440388
sub-21050,ses-1,-14.0,-10.0,8.0,6.0,142423.0,107006.0,2.8337,142315.0,107358.0,2.8555,1266044.0,1255344.0,7657.0,293534.527511,296006.707799,589541.23531,226917.0,229693.0,456610.0,62529.0,769565.23531,1119798.0,1109098.0,1554612.0,8.0,6.0,14.0,1599178.463784
sub-21088,ses-1,-12.0,-20.0,7.0,11.0,131523.0,104018.0,2.79702,132640.0,105663.0,2.80136,1185141.0,1154496.0,26280.0,274586.941035,279317.04584,553903.986875,202955.0,201522.0,404477.0,55434.0,723673.986875,1044448.0,1013803.0,1478019.0,7.0,11.0,18.0,1480413.708239
sub-21095,ses-1,-6.0,-6.0,4.0,4.0,112109.0,84879.2,2.68856,112750.0,84539.5,2.68873,959170.0,950529.0,5805.0,218354.036874,217744.956355,436098.993229,174881.5,173943.5,348825.0,53027.0,581171.993229,846954.0,838313.0,1189329.0,4.0,4.0,8.0,1156916.639708
sub-21104,ses-1,2.0,-4.0,0.0,3.0,118832.0,86090.4,2.64715,119286.0,87816.7,2.64473,1044984.0,1030232.0,11808.0,220038.842661,223085.451925,443124.294586,218905.5,217879.5,436785.0,51263.0,573719.294586,945869.0,931117.0,1285708.0,0.0,3.0,3.0,993812.416302
sub-21104,ses-2,-8.0,-2.0,5.0,2.0,118322.0,85498.8,2.62812,119130.0,86273.4,2.61319,1042125.0,1027579.0,11675.0,217383.736348,217588.91882,434972.655168,222115.5,219078.5,441194.0,51880.0,566325.655168,942370.0,927824.0,1274447.0,5.0,2.0,7.0,971917.43922
sub-21112,ses-1,-6.0,-2.0,4.0,2.0,125941.0,95470.2,2.70644,127818.0,94774.2,2.69722,1119135.0,1107773.0,8458.0,247039.679617,245992.100804,493031.780421,201074.5,203621.5,404696.0,59485.0,676357.780421,968401.0,957039.0,1385192.0,4.0,2.0,6.0,1492085.2041
sub-21112,ses-2,-4.0,0.0,3.0,1.0,127549.0,95188.0,2.60678,128996.0,94449.1,2.63577,1131921.0,1120102.0,8790.0,237886.457489,239663.575211,477550.0327,212569.5,215196.5,427766.0,61823.0,663873.0327,978767.0,966948.0,1415283.0,3.0,1.0,4.0,1382949.934516
sub-21116,ses-1,-10.0,-6.0,6.0,4.0,119294.0,87542.1,2.77416,118843.0,88160.4,2.72792,1094566.0,1076388.0,14655.0,233376.240646,230689.685401,464065.926046,207087.5,207707.5,414795.0,60930.0,635001.926046,958154.0,939976.0,1362890.0,6.0,4.0,10.0,1085586.249574
sub-21118,ses-1,-18.0,-12.0,10.0,7.0,128305.0,96245.2,2.9009,128399.0,96679.7,2.88452,1160404.0,1151753.0,5695.0,268027.974776,266475.126549,534503.101325,203824.5,203708.5,407533.0,58256.0,715916.101325,1009294.0,1000643.0,1421120.0,10.0,7.0,17.0,1493832.948396
sub-21118,ses-2,-6.0,-6.0,4.0,4.0,128904.0,95710.0,2.85048,128348.0,95502.2,2.8388,1158674.0,1150271.0,5679.0,261907.562469,259850.595736,521758.158205,208863.0,208450.0,417313.0,58611.0,704356.158205,1006319.0,997916.0,1429865.0,4.0,4.0,8.0,1416123.087574
sub-21124,ses-1,-8.0,-2.0,5.0,2.0,141683.0,103233.0,2.84772,144749.0,106589.0,2.78651,1333135.0,1313179.0,16507.0,284365.032698,285598.290091,569963.322789,266452.0,266230.0,532682.0,63819.0,751037.322789,1186581.0,1166625.0,1624264.0,5.0,2.0,7.0,1566859.005819
sub-21131,ses-1,-12.0,-2.0,7.0,2.0,126696.0,93333.5,2.94368,129295.0,95835.4,2.88736,1200148.0,1187297.0,9433.0,264700.710087,265739.574049,530440.284136,228510.5,231118.5,459629.0,62117.0,701061.284136,1065262.0,1052411.0,1462517.0,7.0,2.0,9.0,1505915.56835
sub-21139,ses-1,-16.0,-12.0,9.0,7.0,128544.0,97710.2,3.01588,129382.0,99349.3,2.97034,1241619.0,1227918.0,10871.0,284604.67719,283603.239094,568207.916284,223372.0,222798.0,446170.0,60894.0,753787.916284,1089063.0,1075362.0,1523105.0,9.0,7.0,16.0,1611252.768854
sub-21139,ses-2,-12.0,-18.0,7.0,10.0,126111.0,96785.5,2.94026,130089.0,98007.9,2.90911,1235500.0,1221520.0,11116.0,274640.572566,275608.640374,550249.21294,225904.0,228040.0,453944.0,62333.0,740256.21294,1080602.0,1066622.0,1530324.0,7.0,10.0,17.0,1617558.826569
sub-21141,ses-1,-6.0,-14.0,4.0,8.0,144538.0,111156.0,2.71931,147162.0,110717.0,2.71875,1262913.0,1242470.0,17510.0,287872.570449,288901.340971,576773.91142,221864.5,223931.5,445796.0,59367.0,768775.91142,1102557.0,1082114.0,1560548.0,4.0,8.0,12.0,1648471.787517
sub-21141,ses-2,-8.0,-10.0,5.0,6.0,150392.0,113385.0,2.72055,152906.0,114030.0,2.6982,1291675.0,1271814.0,17049.0,294238.874846,294295.954763,588534.829609,231314.5,233013.5,464328.0,57524.0,780442.829609,1130261.0,1110400.0,1577734.0,5.0,6.0,11.0,1594552.063539
sub-21146,ses-1,-20.0,-18.0,11.0,10.0,132007.0,100135.0,2.72621,133542.0,102194.0,2.70857,1134514.0,1120212.0,9790.0,261574.559358,263804.833042,525379.392399,196229.5,194905.5,391135.0,59747.0,704077.392399,990570.0,976268.0,1413980.0,11.0,10.0,21.0,1488382.725367
sub-21150,ses-1,-8.0,-16.0,5.0,9.0,130904.0,96241.2,2.67315,130352.0,95408.5,2.61258,1067834.0,1058755.0,6924.0,246940.335814,238802.321519,485742.657333,199675.0,197262.0,396937.0,57436.0,638532.657333,948787.0,939708.0,1240466.0,5.0,9.0,14.0,1320164.47763
sub-21154,ses-1,-12.0,-6.0,7.0,4.0,122285.0,94709.4,2.92974,123521.0,96220.0,2.89974,1112527.0,1099037.0,9793.0,266573.74637,267442.036264,534015.782634,190849.5,191386.5,382236.0,59391.0,694604.782634,989737.0,976247.0,1372073.0,7.0,4.0,11.0,1440081.338092
sub-21154,ses-2,-8.0,-2.0,5.0,2.0,125105.0,94780.2,2.87889,125525.0,95852.3,2.86159,1132039.0,1116115.0,11977.0,263214.85524,263743.117843,526957.973083,201717.0,201565.0,403282.0,59686.0,690181.973083,1005923.0,989999.0,1409626.0,5.0,2.0,7.0,1489111.709178
sub-21161,ses-1,-6.0,-8.0,4.0,5.0,118695.0,90457.4,2.64739,116746.0,89999.2,2.67999,1004127.0,994551.0,6397.0,227894.935185,229258.093794,457153.028979,180971.0,177590.0,358561.0,55511.0,615508.028979,880849.0,871273.0,1249582.0,4.0,5.0,9.0,1153545.277003
sub-21161,ses-2,-4.0,-2.0,3.0,2.0,120410.0,91159.7,2.67886,118892.0,90637.3,2.68578,1014345.0,1005499.0,5725.0,232448.08276,230823.18763,463271.270391,181291.5,179966.5,361258.0,55660.0,623244.270391,888933.0,880087.0,1258316.0,3.0,2.0,5.0,1228516.709492
sub-21161,ses-3,2.0,2.0,0.0,0.0,121518.0,91120.7,2.66227,119376.0,89497.9,2.6935,1028023.0,1018936.0,5923.0,231756.981843,230504.839248,462261.821091,186522.0,186067.0,372589.0,57189.0,624996.821091,901098.0,892011.0,1268737.0,0.0,0.0,0.0,1247260.111113
sub-21193,ses-1,-10.0,-16.0,6.0,9.0,111519.0,90660.0,2.89214,111907.0,89610.1,2.89274,1038666.0,1031176.0,5043.0,245630.075342,245139.461981,490769.537324,179486.0,179516.0,359002.0,60395.0,649249.537324,917781.0,910291.0,1289995.0,6.0,9.0,15.0,1308310.326594
sub-21193,ses-2,-20.0,-14.0,11.0,8.0,110619.0,88341.6,2.84966,110934.0,87894.7,2.86584,1026735.0,1019014.0,5191.0,237525.253282,238518.897023,476044.150304,182420.5,182568.5,364989.0,60049.0,631596.150304,908476.0,900755.0,1268989.0,11.0,8.0,19.0,1229199.59112
sub-21197,ses-1,-4.0,-4.0,3.0,3.0,142707.0,105291.0,2.8433,140790.0,104797.0,2.82459,1276002.0,1261760.0,11994.0,289768.465663,286788.478081,576556.943744,247243.0,247069.0,494312.0,64761.0,744968.943744,1150443.0,1136201.0,1537210.0,3.0,3.0,6.0,1484522.028189
sub-21224,ses-1,-14.0,0.0,8.0,1.0,159512.0,117503.0,2.65921,159862.0,118017.0,2.62566,1338684.0,1322314.0,12284.0,300592.008624,298111.677299,598703.685924,255146.0,254319.0,509465.0,67164.0,784273.685924,1191275.0,1174905.0,1636092.0,8.0,1.0,9.0,1719871.882997
sub-21325,ses-1,-4.0,-10.0,3.0,6.0,155410.0,113933.0,2.7298,154604.0,112921.0,2.73805,1288036.0,1276953.0,7798.0,298341.745099,298115.522495,596457.267594,237880.5,237528.5,475409.0,67061.0,774741.267594,1149596.0,1138513.0,1470256.0,3.0,6.0,9.0,1651955.04742
sub-21325,ses-2,-4.0,-2.0,3.0,2.0,156383.0,118560.0,2.72464,157979.0,116347.0,2.7593,1328262.0,1315060.0,9311.0,307440.124589,308491.187259,615931.311848,244314.0,244645.0,488959.0,67270.0,798160.311848,1185560.0,1172358.0,1629805.0,3.0,2.0,5.0,1625212.24771
sub-21345,ses-1,0.0,-6.0,1.0,4.0,111042.0,85432.9,2.7455,111938.0,86793.5,2.70301,1002054.0,986840.0,12732.0,224597.039412,223776.806297,448373.84571,183972.5,180640.5,364613.0,51419.0,600742.84571,879604.0,864390.0,1246036.0,1.0,4.0,5.0,1204638.896977
sub-21432,ses-1,-14.0,-12.0,8.0,7.0,124716.0,97344.1,2.80026,124000.0,96133.3,2.77619,1138024.0,1126767.0,8577.0,260806.408835,255825.668835,516632.077669,199694.0,197962.0,397656.0,63204.0,701240.077669,989070.0,977813.0,1412705.0,8.0,7.0,15.0,1295517.307334
sub-21493,ses-1,-8.0,-10.0,5.0,6.0,115016.0,86695.9,2.64134,116687.0,88197.9,2.59243,1026375.0,1011306.0,11724.0,219486.959462,218933.67754,438420.637003,189119.5,191693.5,380813.0,55940.0,606325.637003,890059.0,874990.0,1279907.0,5.0,6.0,11.0,1141653.974852
sub-21493,ses-2,-16.0,-22.0,9.0,12.0,108661.0,83953.7,2.62293,108959.0,85018.7,2.54466,1005827.0,990362.0,11996.0,210987.36711,207407.837781,418395.204891,188896.5,189431.5,378328.0,57158.0,588512.204891,869285.0,853820.0,1273003.0,9.0,12.0,21.0,1363481.314211
sub-21514,ses-1,-16.0,-8.0,9.0,5.0,122424.0,91517.8,2.72126,124226.0,91922.0,2.73613,1114188.0,1096623.0,14658.0,239404.19669,242289.26294,481693.45963,207436.5,210331.5,417768.0,56714.0,650283.45963,973630.0,956065.0,1364731.0,9.0,5.0,14.0,1399445.628383
sub-21516,ses-1,-14.0,-2.0,8.0,2.0,134583.0,105056.0,2.833,137338.0,105693.0,2.82121,1192396.0,1180488.0,8863.0,284138.289029,285670.904873,569809.193902,204827.5,206917.5,411745.0,59397.0,744641.193902,1052594.0,1040686.0,1456321.0,8.0,2.0,10.0,1548296.022985
sub-21516,ses-2,-10.0,-20.0,6.0,11.0,127799.0,100217.0,2.74744,129484.0,101839.0,2.72737,1158407.0,1145457.0,9737.0,264331.379242,266132.63414,530464.013381,208368.0,210586.0,418954.0,59054.0,701153.013381,1021358.0,1008408.0,1440066.0,6.0,11.0,17.0,1525701.26041
sub-21539,ses-1,-12.0,-16.0,7.0,9.0,137244.0,108222.0,2.87838,137563.0,107607.0,2.86042,1244489.0,1226803.0,13476.0,295981.762354,293250.32069,589232.083044,216363.5,216714.5,433078.0,62676.0,770184.083044,1102669.0,1084983.0,1558665.0,7.0,9.0,16.0,1597683.17637
sub-21553,ses-1,-8.0,-6.0,5.0,4.0,128167.0,98220.5,2.82226,128105.0,98195.3,2.81283,1115898.0,1102652.0,10438.0,263425.278365,262565.713686,525990.992051,196787.5,194960.5,391748.0,51942.0,687380.992051,983412.0,970166.0,1355805.0,5.0,4.0,9.0,1348868.689464
sub-21553,ses-2,2.0,-8.0,0.0,5.0,127656.0,97168.3,2.73739,126709.0,96333.8,2.76649,1109729.0,1095571.0,11276.0,253661.455544,254470.652514,508132.108058,200756.5,200831.5,401588.0,51835.0,670593.108058,975715.0,961557.0,1357896.0,0.0,5.0,5.0,1379040.277178
sub-21554,ses-1,-18.0,-12.0,10.0,7.0,125173.0,97585.1,2.86639,124044.0,96956.3,2.86574,1083243.0,1076993.0,4259.0,265783.428104,263550.826063,529334.254167,183798.5,181998.5,365797.0,51053.0,686983.254167,953113.0,946863.0,1319716.0,10.0,7.0,17.0,1347759.467917
sub-21554,ses-2,-18.0,-10.0,10.0,6.0,123677.0,98029.8,2.77774,122849.0,96486.6,2.77677,1069213.0,1060769.0,5756.0,257883.897106,254103.601384,511987.49849,186708.0,184077.0,370785.0,51292.0,667417.49849,942609.0,934165.0,1310197.0,10.0,6.0,16.0,1379003.504359
sub-21560,ses-1,-24.0,-10.0,13.0,6.0,122882.0,98339.3,2.88099,122412.0,95862.6,2.87844,1178613.0,1160849.0,12257.0,270161.59972,264537.337934,534698.937654,208375.5,206478.5,414854.0,66047.0,717586.937654,1033199.0,1015435.0,1454788.0,13.0,6.0,19.0,1229859.537334
sub-21560,ses-2,-18.0,-12.0,10.0,7.0,124713.0,97646.1,2.82695,123414.0,95445.5,2.82463,1170685.0,1152110.0,13084.0,263338.71597,259172.6674,522511.38337,210621.0,209648.0,420269.0,65543.0,703703.38337,1026755.0,1008180.0,1440543.0,10.0,7.0,17.0,1205704.635665
sub-21567,ses-1,-20.0,-6.0,11.0,4.0,129663.0,103504.0,2.97406,129767.0,103625.0,2.95238,1193236.0,1175419.0,13711.0,291458.269529,290258.40232,581716.671849,200528.0,199662.0,400190.0,59048.0,751615.671849,1058768.0,1040951.0,1485555.0,11.0,4.0,15.0,1559367.559651
sub-21580,ses-1,-4.0,-10.0,3.0,6.0,136638.0,107708.0,2.95364,136168.0,108985.0,2.89304,1234964.0,1224796.0,7263.0,301812.115632,298741.779949,600553.895581,202100.5,202667.5,404768.0,66065.0,791786.895581,1081218.0,1071050.0,1511998.0,3.0,6.0,9.0,1566892.658114
sub-21580,ses-2,-6.0,-12.0,4.0,7.0,137736.0,107190.0,2.88801,138275.0,107867.0,2.83375,1228944.0,1218003.0,7629.0,295162.098693,290648.241016,585810.339708,206464.0,204107.0,410571.0,65816.0,780280.339708,1072876.0,1061935.0,1516785.0,4.0,7.0,11.0,1616219.657758
sub-21623,ses-1,-2.0,-6.0,2.0,4.0,151495.0,114065.0,2.86341,152700.0,112964.0,2.85481,1355435.0,1342178.0,8988.0,311133.332325,309165.652518,620298.984844,248224.0,248460.0,496684.0,65533.0,814188.984844,1195497.0,1182240.0,1661789.0,2.0,4.0,6.0,1625947.019231
sub-21623,ses-2,-12.0,-12.0,7.0,7.0,150658.0,114667.0,2.77882,151451.0,114919.0,2.79325,1359561.0,1347332.0,8044.0,302404.076161,305894.293075,608298.369236,255181.5,257146.5,512328.0,65768.0,803481.369236,1198714.0,1186485.0,1656474.0,7.0,7.0,14.0,1332241.596252
sub-21712,ses-1,-16.0,-6.0,9.0,4.0,118958.0,90826.5,2.80252,120363.0,92966.7,2.76003,1049079.0,1041460.0,5528.0,243121.746785,244003.891413,487125.638198,176374.0,175156.0,351530.0,54819.0,664001.638198,901101.0,893482.0,1293582.0,9.0,4.0,13.0,1348132.824043
sub-21712,ses-2,-14.0,-6.0,8.0,4.0,116635.0,87281.2,2.73628,119646.0,89317.6,2.70935,998614.0,991007.0,5625.0,229107.115487,232436.901158,461544.016645,177531.5,179253.5,356785.0,53591.0,611335.016645,879315.0,871708.0,1240891.0,8.0,4.0,12.0,1020323.65956
sub-21713,ses-1,-16.0,-4.0,9.0,3.0,123773.0,96705.5,2.77756,125102.0,95834.6,2.78173,1091738.0,1083347.0,5609.0,254094.38254,253839.823703,507934.206243,186717.0,186526.0,373243.0,57651.0,685319.206243,947414.0,939023.0,1346849.0,9.0,3.0,12.0,1351824.898654
sub-21713,ses-2,-22.0,0.0,12.0,1.0,126025.0,98109.4,2.76195,128310.0,97830.8,2.75055,1113621.0,1105411.0,5657.0,257079.462187,256246.199706,513325.661893,195133.5,194799.5,389933.0,58302.0,690401.661893,969392.0,961182.0,1365355.0,12.0,1.0,13.0,1398835.897635
sub-21738,ses-1,-8.0,-12.0,5.0,7.0,138785.0,103338.0,2.64856,140838.0,104712.0,2.59992,1280869.0,1221013.0,54968.0,262343.270479,262347.923668,524691.194147,248134.5,249226.5,497361.0,60487.0,700219.194147,1141941.0,1082085.0,1582512.0,5.0,7.0,12.0,1729995.709013
sub-21797,ses-1,-10.0,-24.0,6.0,13.0,150176.0,113617.0,2.78839,149662.0,112325.0,2.78402,1328417.0,1314102.0,10301.0,304096.587852,301909.271777,606005.859629,233364.5,232475.5,465840.0,67654.0,818282.859629,1154327.0,1140012.0,1632789.0,6.0,13.0,19.0,1704299.349558
sub-21827,ses-1,-4.0,-8.0,3.0,5.0,139318.0,105651.0,2.72245,136797.0,103876.0,2.74299,1249808.0,1231247.0,14115.0,274516.227136,273528.201353,548044.42849,237275.5,233735.5,471011.0,61475.0,731883.42849,1098800.0,1080239.0,1552215.0,3.0,5.0,8.0,1617787.655719
sub-21855,ses-1,-24.0,-4.0,13.0,3.0,143871.0,111805.0,2.79318,147070.0,112980.0,2.73706,1254830.0,1246840.0,5403.0,296967.547501,294096.519837,591064.067338,221760.5,220017.5,441778.0,65277.0,775428.067338,1106278.0,1098288.0,1546647.0,13.0,3.0,16.0,1558583.792997
sub-21855,ses-2,-6.0,-6.0,4.0,4.0,139121.0,108668.0,2.71971,144076.0,110630.0,2.66475,1220375.0,1211205.0,6251.0,281469.717456,280022.038601,561491.756057,221315.5,219050.5,440366.0,64731.0,741724.756057,1075444.0,1066274.0,1512851.0,4.0,4.0,8.0,1506595.5757
sub-21856,ses-1,-2.0,-8.0,2.0,5.0,148444.0,115556.0,2.80219,150374.0,116835.0,2.77423,1329638.0,1313627.0,11881.0,309072.639413,308330.019068,617402.658481,236468.5,234345.5,470814.0,65009.0,815423.658481,1168824.0,1152813.0,1633491.0,2.0,5.0,7.0,1752788.511414
sub-22045,ses-1,-34.0,-26.0,18.0,14.0,137333.0,108519.0,2.80412,140574.0,111831.0,2.78407,1232904.0,1211565.0,17583.0,288099.883295,294059.471147,582159.354442,210603.0,213659.0,424262.0,57652.0,763265.354442,1085835.0,1064496.0,1550126.0,18.0,14.0,32.0,1598763.242581
sub-22045,ses-2,-12.0,-2.0,7.0,2.0,143247.0,112684.0,2.84466,142870.0,114173.0,2.83983,1246142.0,1223297.0,19009.0,302943.75728,305318.848332,608262.605612,204522.5,205415.5,409938.0,59262.0,788780.605612,1099983.0,1077138.0,1560127.0,7.0,2.0,9.0,1635197.693503
sub-22064,ses-1,-14.0,-4.0,8.0,3.0,103294.0,83159.3,2.77965,106208.0,82959.2,2.7616,965702.0,954253.0,8023.0,220678.716232,219457.008194,440135.724426,156948.0,156298.0,313246.0,50893.0,614056.724426,815298.0,803849.0,1209544.0,8.0,3.0,11.0,1034872.061949
sub-22064,ses-2,-16.0,-8.0,9.0,5.0,101911.0,81109.3,2.74347,105837.0,82233.2,2.72297,955022.0,943286.0,8310.0,213933.464241,215052.378555,428985.842796,158432.5,157368.5,315801.0,50182.0,600809.842796,806506.0,794770.0,1199480.0,9.0,5.0,14.0,1030097.321323
sub-22169,ses-1,-8.0,-12.0,5.0,7.0,104159.0,79326.7,2.65633,106717.0,81592.4,2.64784,893768.0,884304.0,7561.0,201194.486306,206605.11514,407799.601446,158653.0,161453.0,320106.0,49821.0,545048.601446,787001.0,777537.0,1122172.0,5.0,7.0,12.0,1128758.701377
sub-22473,ses-1,-6.0,-8.0,4.0,5.0,141338.0,103567.0,2.7916,140282.0,101393.0,2.7691,1289129.0,1267729.0,17488.0,278783.186758,272456.155982,551239.342739,248911.5,247575.5,496487.0,63384.0,741377.342739,1133125.0,1111725.0,1581867.0,4.0,5.0,9.0,1713071.56395
sub-22473,ses-2,-8.0,-10.0,5.0,6.0,140391.0,101430.0,2.76642,138372.0,101136.0,2.74765,1282823.0,1261476.0,17505.0,272226.411593,268185.271925,540411.683518,250955.0,249227.0,500182.0,64197.0,731437.683518,1126465.0,1105118.0,1573433.0,5.0,6.0,11.0,1696492.776256
sub-22510,ses-1,-2.0,-2.0,2.0,2.0,111605.0,82922.7,2.71629,109917.0,80408.5,2.73697,998174.0,989315.0,6334.0,215515.010835,213065.144979,428580.155815,188643.0,186185.0,374828.0,54388.0,586275.155815,866808.0,857949.0,1236332.0,2.0,2.0,4.0,1159775.643994
sub-22510,ses-2,-8.0,-8.0,5.0,5.0,110482.0,82528.6,2.66802,108549.0,79629.3,2.71951,989800.0,981367.0,5995.0,210379.133806,209054.020528,419433.154334,188261.5,186265.5,374527.0,54519.0,578198.154334,857216.0,848783.0,1223177.0,5.0,5.0,10.0,1177066.46264
sub-22520,ses-1,-4.0,-6.0,3.0,4.0,102799.0,78658.7,2.68579,105380.0,80297.5,2.68733,951831.0,939108.0,9447.0,202432.947801,205620.744997,408053.692799,177497.0,177966.0,355463.0,50141.0,559995.692799,826590.0,813867.0,1182056.0,3.0,4.0,7.0,1217936.918525
sub-22617,ses-1,-6.0,-8.0,4.0,5.0,137945.0,106195.0,2.76895,136164.0,103710.0,2.77786,1218857.0,1206321.0,9485.0,281272.354701,276064.361116,557336.715818,222470.5,219540.5,442011.0,60346.0,737012.715818,1072314.0,1059778.0,1499504.0,4.0,5.0,9.0,1510740.783143
sub-22617,ses-2,-10.0,0.0,6.0,1.0,138074.0,105245.0,2.73987,136437.0,103369.0,2.75896,1220274.0,1207137.0,9972.0,276357.101461,273343.963654,549701.065115,225280.0,221936.0,447216.0,61141.0,732685.065115,1071244.0,1058107.0,1501835.0,6.0,1.0,7.0,1536793.762475
sub-22618,ses-1,-6.0,0.0,4.0,1.0,143809.0,110044.0,2.8572,141369.0,108515.0,2.86197,1287352.0,1272511.0,12335.0,300626.825726,296777.652942,597404.478668,232197.5,231214.5,463412.0,60128.0,780498.478668,1136181.0,1121340.0,1557277.0,4.0,1.0,5.0,1554728.663941
sub-22618,ses-2,-4.0,-4.0,3.0,3.0,142902.0,107293.0,2.83646,140533.0,105896.0,2.83765,1281427.0,1266126.0,12632.0,293463.819007,289237.595938,582701.414944,236049.0,233265.0,469314.0,60307.0,766746.414944,1128033.0,1112732.0,1560413.0,3.0,3.0,6.0,1555023.510714
sub-22653,ses-1,-14.0,-8.0,8.0,5.0,129569.0,102825.0,2.83554,129791.0,102877.0,2.80641,1155903.0,1138397.0,14454.0,276074.558578,273201.811251,549276.369829,193468.0,190145.0,383613.0,58362.0,729384.369829,1008874.0,991368.0,1416737.0,8.0,5.0,13.0,1467493.106677
sub-22653,ses-2,-14.0,-18.0,8.0,10.0,133624.0,102250.0,2.75581,133201.0,101697.0,2.74433,1138232.0,1121900.0,13486.0,267665.525132,265298.817396,532964.342528,195310.5,194426.5,389737.0,59479.0,705708.342528,998372.0,982040.0,1287898.0,8.0,10.0,18.0,1487508.886374
sub-22654,ses-1,-8.0,-24.0,5.0,13.0,126073.0,97180.1,2.66019,122546.0,95191.6,2.66788,1069791.0,1059558.0,7994.0,245546.943116,241084.224625,486631.167741,193257.0,190188.0,383445.0,57928.0,650908.167741,937920.0,927687.0,1321194.0,5.0,13.0,18.0,1119679.848243
sub-22654,ses-2,-6.0,-4.0,4.0,3.0,129158.0,97777.5,2.62732,126874.0,95488.8,2.66474,1067654.0,1057881.0,7626.0,244699.459981,242772.954416,487472.414398,197268.0,194335.0,391603.0,55650.0,642571.414398,944731.0,934958.0,1306077.0,4.0,3.0,7.0,1115183.326141
sub-22670,ses-1,-4.0,-10.0,3.0,6.0,113494.0,85202.0,2.73593,112232.0,82882.9,2.73691,1027367.0,1015325.0,9450.0,223054.352304,218821.843938,441876.196242,196829.5,196484.5,393314.0,57590.0,599250.196242,904504.0,892462.0,1264236.0,3.0,6.0,9.0,1246182.585
sub-22744,ses-1,-12.0,-4.0,7.0,3.0,125658.0,95229.3,2.69614,126939.0,92341.4,2.71603,1099373.0,1090734.0,5800.0,244017.526884,241265.592612,485283.119496,208648.5,208547.5,417196.0,57600.0,646492.119496,968907.0,960268.0,1284532.0,7.0,3.0,10.0,1363628.310113
sub-22745,ses-1,-12.0,-20.0,7.0,11.0,134164.0,101870.0,2.95262,134681.0,103189.0,2.90182,1213145.0,1203471.0,6878.0,287934.95946,286749.748853,574684.708313,218313.5,218130.5,436444.0,60664.0,740652.708313,1081686.0,1072012.0,1470290.0,7.0,11.0,18.0,1414495.053733
sub-22797,ses-1,-8.0,-2.0,5.0,2.0,129180.0,98363.1,2.86072,129966.0,99348.5,2.84528,1167269.0,1157564.0,6925.0,268704.869028,269623.159273,538328.0283,215862.5,216210.5,432073.0,61464.0,698825.0283,1041751.0,1032046.0,1417902.0,5.0,2.0,7.0,1418382.812693
sub-22798,ses-1,-32.0,-18.0,17.0,10.0,113875.0,94287.3,2.92444,115783.0,94293.5,2.89297,1074574.0,1065464.0,7198.0,257834.416207,256172.815052,514007.23126,182749.5,185677.5,368427.0,53840.0,672962.23126,945520.0,936410.0,1335918.0,17.0,10.0,27.0,1329326.638918
sub-22870,ses-1,-14.0,-16.0,8.0,9.0,115269.0,77494.9,2.58248,115954.0,81683.8,2.64928,1003188.0,993471.0,6486.0,202058.227511,215276.552085,417334.779596,192192.5,190463.5,382656.0,56495.0,590367.779596,866048.0,856331.0,1371589.0,8.0,9.0,17.0,1444473.733116
sub-23113,ses-1,-14.0,-20.0,8.0,11.0,111283.0,90113.9,2.7482,112309.0,91672.2,2.7177,952085.0,940968.0,8097.0,233630.58526,233376.898674,467007.483934,149125.5,149997.5,299123.0,48677.0,619639.483934,825776.0,814659.0,1193912.0,8.0,11.0,19.0,1229752.550928
sub-23303,ses-1,-2.0,-4.0,2.0,3.0,109288.0,82048.6,2.76173,110198.0,83032.7,2.74497,1051627.0,1031756.0,15906.0,216763.8548,217334.950959,434098.805758,205843.5,204607.5,410451.0,58512.0,598218.805758,922722.0,902851.0,1283679.0,2.0,3.0,5.0,1027304.427718
sub-23582,ses-1,-12.0,-22.0,7.0,12.0,145095.0,105406.0,2.85194,146980.0,106164.0,2.82118,1287700.0,1277255.0,7365.0,290425.887756,289760.232782,580186.120538,248996.0,247270.0,496266.0,59626.0,755723.120538,1146274.0,1135829.0,1570457.0,7.0,12.0,19.0,1468279.859781
sub-23676,ses-1,-10.0,-6.0,6.0,4.0,129434.0,95400.4,2.62463,126747.0,92662.4,2.6609,1123821.0,1109260.0,12349.0,239678.234498,237161.60173,476839.836228,220065.5,217362.5,437428.0,55959.0,644606.836228,984401.0,969840.0,1372216.0,6.0,4.0,10.0,1278390.633352
sub-23698,ses-1,0.0,-8.0,1.0,5.0,115946.0,86032.0,2.70711,116233.0,85564.1,2.70084,1028470.0,1018825.0,7338.0,223245.160323,223076.968686,446322.129009,192812.5,194268.5,387081.0,57069.0,608084.129009,900058.0,890413.0,1270993.0,1.0,5.0,6.0,959533.951782
